date,source,ticker_mentioned,comment,title,phobert_label,phobert_score,sentiment_score
2024-01-02,CafeF,VCB,"VNM ETF sẽ mua mới MCH, VCK, VPX và tăng tỷ trọng VIX đồng thời bán bớt lượng lớn nhiều cổ phiếu như HPG, VCB, VNM, SSI, MSN...","Quỹ ETF ngoại quy mô 15.000 tỷ thêm mới MCH, VCK, VPX, dự kiến bán mạnh loạt Bluechips HPG,VCB, VNM…",NEU,0.6333510279655457,0.0
2024-01-03,CafeF,VCB,"Phiên 10/3 ghi nhận sự phục hồi đồng loạt của nhóm cổ phiếu ngân hàng sau nhịp điều chỉnh mạnh trước đó. Thanh khoản tại nhiều mã lớn duy trì ở mức cao cho thấy dòng tiền bắt đáy đã quay trở lại, giúp toàn ngành lấy lại phần nào những gì đã mất trong phiên hôm qua.","Tiền bắt đáy ồ ạt đổ vào, loạt cổ phiếu ngân hàng bật tăng mạnh: STB và MBB tím trần, ACB, CTG,VCBhồi phục ấn tượng",POS,0.7874435186386108,0.7874435186386108
2024-01-04,CafeF,VCB,Một Phó Tổng giám đốc Ngân hàng TMCP Ngoại thương Việt Nam (Vietcombank) vừa mua vào cổ phiếu VCB và một Thành viên HĐQT cũng đã đăng ký mua.,Loạt sếp Vietcombank mua vào cổ phiếuVCB,POS,0.644352376461029,0.644352376461029
2024-01-05,CafeF,VCB,"Bà Phùng Nguyễn Hải Yến- Phó Tổng Giám đốc Vietcombank, vừa có báo cáo về việc mua vào 10.000 cổ phiếu VCB, qua đó nâng sở hữu lên 0,00072% vốn ngân hàng.",Lãnh đạo Vietcombank gom thêm cổ phiếuVCB,NEG,0.6828408241271973,-0.6828408241271973
2024-01-08,CafeF,VCB,"Bà Phùng Nguyễn Hải Yến, Phó Tổng Giám đốc Vietcombank, vừa mua vào 10.000 cổ phiếu VCB trong phiên 23/2, nâng lượng cổ phần nắm giữ lên hơn 52.000 đơn vị. Ông Nguyễn Tuấn Anh - một Thành viên HĐQT ngân hàng - cũng đăng ký mua 18.000 cổ phiếu trong thời gian tới.","Giám đốc Khối Dữ liệu Vietcombank vừa mua khớp lệnh cổ phiếuVCB, thành viên HĐQT cũng đăng ký mua",NEU,0.5827324390411377,0.0
2024-01-09,CafeF,VCB,"Kết phiên giao dịch 23/2, nhóm cổ phiếu ngân hàng ghi nhận 25 mã tăng và 2 mã đứng giá tham chiếu. Trong đó, VCB và BID dẫn dầu tăng giá bất chấp đà bán ròng mạnh của khối ngoại.","Cổ phiếu ngân hàng khai xuân ấn tượng: 25 mã tăng giá, BID vàVCBgây chú ý",NEU,0.8534421324729919,0.0
2024-01-10,CafeF,VCB,"Phó Tổng Giám đốc Vietcombank Phùng Nguyễn Hải Yến vừa đăng ký mua thêm 10.000 cổ phiếu VCB theo phương thức khớp lệnh, với mục đích đầu tư. Giao dịch dự kiến được thực hiện trong khoảng thời gian từ ngày 10/02 đến 09/03/2026.",Giám đốc Khối Dữ liệu Vietcombank đăng ký mua cổ phiếuVCB,POS,0.8594242334365845,0.8594242334365845
2024-01-11,CafeF,VCB,"Dịp Tết, nhu cầu đi lại và về quê sum họp tăng cao. Nắm bắt xu hướng người dùng ngày càng ưu tiên các nền tảng số, VCB Digibank triển khai chương trình “Ưu đãi đổ bộ – Di chuyển cực vui” nhằm giúp khách hàng tiết kiệm chi phí và chủ động hơn trong việc di chuyển.","Tết cận kề: Đặt vé máy bay, tàu xe quaVCBDigibank nhận ngay ưu đãi lên tới 50%",POS,0.9915968775749207,0.9915968775749207
2024-01-12,CafeF,VCB,"Thị trường chứng khoán ngày 8/1 ghi nhận áp lực chốt lời ở nhóm Vingroup trong khi cổ phiếu ""vua"" đỡ trụ. Kết quả VN-Index điều chỉnh sau phiên tăng nóng hôm qua.","Chứng khoán ngày 8/1:VCBtím trần, VN-Index điều chỉnh",NEU,0.9029816389083862,0.0
2024-01-15,CafeF,VCB,"Với mức giá đóng cửa 57.900 đồng/cp, STB hiện là cổ phiếu ngân hàng có thị giá cao nhất.","Giá cổ phiếu STB vượtVCB, trở thành mã chứng khoán có thị giá cao nhất ngành ngân hàng",POS,0.9522242546081543,0.9522242546081543
2024-01-16,CafeF,VCB,"Anh Tùng (30 tuổi, Ninh Bình) bán 2 cây vàng cưới lúc giá hơn 80 triệu đồng/lượng để mua cổ phiếu FPT và VCB.","Vàng lên gần 160 triệu đồng/lượng, người đàn ông lỗ kép vì bán vàng để mua cổ phiếu FPT,VCB: 'Vàng thì tăng gấp đôi, còn tài khoản chứng khoán của tôi giảm 20%'",NEU,0.706380307674408,0.0
2024-01-17,CafeF,VCB,"Từ đầu năm 2025 đến nay, cổ phiếu họ nhà Vingroup đã tăng phi mã, riêng cổ phiếu VHM đã tăng hơn 220%.",Vinhomes (VHM) vượt Vietcombank (VCB) trở thành doanh nghiệp có vốn hóa lớn thứ 2 thị trường,NEU,0.5685804486274719,0.0
2024-01-18,CafeF,VCB,Tài sản của tỷ phú Phạm Nhật Vượng tăng thêm 424 triệu USD trong ngày cổ phiếu VIC của Tập đoàn Vingroup vượt Vietcombank (VCB) để trở thành cổ phiếu vốn hóa lớn nhất trên sàn chứng khoán Việt Nam.,Tài sản của tỷ phú Phạm Nhật Vượng tăng bao nhiêu trong ngày VIC vượtVCBtrở thành cổ phiếu vốn hóa lớn nhất sàn chứng khoán?,POS,0.8316594362258911,0.8316594362258911
2024-01-19,CafeF,VCB,"Kết phiên 22/8, toàn ngành ngân hàng chỉ còn 6 mã giữ được sắc xanh và 21 mã chìm trong sắc đỏ và xanh sàn.","Ngày 22/8: VPB, TCB cùng loạt cổ phiếu ngân hàng giảm sâu, BID vàVCBngược chiều tăng giá",NEU,0.8128349781036377,0.0
2024-01-22,CafeF,VCB,"Cổ phiếu nhóm này tăng mạnh trong bối cảnh NHNN mới ban hành quy định mới về tỷ lệ dự trữ bắt buộc. Trong đó, TCTD nhận chuyển giao ngân hàng yếu kém được giảm 50% tỷ lệ dự trữ bắt buộc.","Cổ phiếu ngân hàng nhận chuyển giao bắt buộc đồng loạt tăng mạnh phiên 14/8: HDB, VPB, MBB tím trần,VCBxanh hơn 4,3%",NEG,0.985630452632904,-0.985630452632904
2024-01-23,CafeF,VCB,"Mới đây, ngân hàng Vietcombank đã có thông báo về việc ngừng triển khai dịch vụ nạp tiền tài khoản giao thông VETC trên VCB Digibank.",Khách hàng sử dụngVCBDigibank lưu ý!,NEG,0.9312770962715149,-0.9312770962715149
2024-01-24,CafeF,VCB,Tổng vốn hóa 4 doanh nghiệp họ nhà Vin tăng thêm 549 nghìn tỷ đồng trong gần nửa năm 2025 vừa qua.,"Vốn hóa HoSE tăng 690.000 tỷ đồng trong nửa năm: Tỷ phú Phạm Nhật Vượng chiếm 80%, TCB và Gelex góp trên 1 tỷ USD; FPT,VCBgiảm mạnh nhất",POS,0.9044349789619446,0.9044349789619446
2024-01-25,CafeF,VCB,Đặt taxi trên app ngân hàng VCB Digibank giúp người dùng tiết kiệm “nửa giá” và nhận cơ hội trúng ôtô VinFast VF3.,"Đặt taxi “đi làm, đi học” trên appVCBDigibank tiết kiệm ""nửa giá""",POS,0.9883477091789246,0.9883477091789246
2024-01-26,CafeF,VCB,"Tính đến ngày 31/12/2024, công ty này đang đem hơn 124.567 tỷ đồng (chiếm gần 54% danh mục) để đi gửi ngân hàng, tăng hơn gần 12.800 tỷ so với đầu năm.","Danh mục đầu tư gần 10 tỷ USD của 'cá mập' Nhà nước: Một nửa để gửi ngân hàng, hơn 1 tỷ USD trái phiếu doanh nghiệp, đổ vào cổ phiếu ACB, VNM,VCBnhưng tạm lỗ",NEU,0.6014441251754761,0.0
2024-01-29,CafeF,VCB,KBank cũng là một cái tên quen thuộc trên thị trường chứng khoán Việt Nam khi đầu tư vào nước ta thông qua hai quỹ thành viên là K Vietnam Equity Fund và K Vision.,"Tập đoàn dưới trướng nữ tỷ phú Thái Lan trả viện phí cho Xuân Son: “Cá mập” đáng gờm rót cả chục nghìn tỷ đồng vào FPT,VCB, Thế giới Di động, KiotViet, Sendo…",NEU,0.8443946838378906,0.0
2024-01-30,CafeF,VCB,"Trước đó, Vietcombank đã ngừng áp dụng SMS OTP đối với giao dịch: Chuyển tiền trong hệ thống; và giao dịch Nạp tiền điện thoại trên VCB Digibank khi khách hàng đã đủ điều kiện xác thực bằng Smart OTP.",Tất cả người dùngVietcombankchú ý: Ngừng hoàn toàn SMS OTP với mọi giao dịch từ 26/3 trong trường hợp sau,NEG,0.9842509031295776,-0.9842509031295776
2024-01-31,CafeF,VCB,"Thủ đoạn gửi tin nhắn mạo danh thương hiệu ngân hàng không phải mới tuy nhiên chỉ cần một giây phút hoang mang, người dùng có thể bị chiếm đoạt tài sản trong tài khoản ngân hàng.","Lỡ bấm link tin nhắn mạo danhVietcombank, soạn ngay cú pháp này để cứu tài khoản",NEG,0.9877781271934509,-0.9877781271934509
2024-02-01,CafeF,VCB,"Nhiều ngân hàng thương mại lớn tại Việt Nam như Vietcombank, VietinBank, Agribank hay BIDV đã có thông báo quan trọng về việc siết chặt quy định xác thực thông tin khách hàng.","Những loại giấy tờ nào bịVietcombank, VietinBank, Agribank, BIDV ngừng chấp nhận, sẽ bị khóa tài khoản ngân hàng",NEG,0.6696010828018188,-0.6696010828018188
2024-02-02,CafeF,VCB,"Ngay sau khi tiếp nhận nội dung trình báo, Công an xã Phụng Công đã nhanh chóng triển khai các biện pháp nghiệp vụ, xác minh thông tin giao dịch, phối hợp với ngân hàng có liên quan tra soát dữ liệu chuyển khoản.","Chuyển thành công 100 triệu đồng vào tài khoản 1020886xxxx ởVietcombank, người phụ nữ ở Hưng Yên vội báo công an",POS,0.9488725066184998,0.9488725066184998
2024-02-05,CafeF,VCB,Việc đặt mật khẩu thiếu an toàn có thể khiến người dùng gặp rủi ro lớn về an toàn tài khoản và tài sản.,"Vietcombankcảnh báo: Không sử dụng dãy số sau để làm mật khẩu, rất nhiều người đang mắc lỗi này!",NEG,0.9875704646110535,-0.9875704646110535
2024-02-06,CafeF,VCB,Năm 2025 được nhìn nhận là một năm mà sự bất ổn trở thành rủi ro lớn nhất đối với nhiều tổ chức và doanh nghiệp.,"Sếp HSBC Việt Nam,Vietcombank, BIDV nói về quản lý rủi ro trong thời kỳ bất định",NEG,0.985139787197113,-0.985139787197113
2024-02-07,CafeF,VCB,"Nếu tài khoản nhận tiền có dấu hiệu rủi ro, khách hàng sẽ nhận được cảnh báo ngay lập tức.","Agribank,Vietcombank, BIDV, MB,... sẽ tiến hành kiểm tra tài khoản người nhận trước khi khách hàng chuyển tiền",NEG,0.9872872829437256,-0.9872872829437256
2024-02-08,CafeF,VCB,"Nhiều người dùng vẫn lầm tưởng tài khoản ngân hàng một khi đã mở sẽ tồn tại mãi mãi. Tuy nhiên, theo Nghị định 52/2024/NĐ-CP đang có hiệu lực, ngân hàng có quyền đơn phương đóng tài khoản nếu phát hiện vi phạm, đặc biệt là các hành vi mua bán, thuê mượn tài khoản.","4 trường hợp tài khoản ngân hàng bịVietcombank, Agribank, VietinBank, BIDV ""xóa sổ"" ngay lập tức",NEG,0.9848732948303223,-0.9848732948303223
2024-02-09,CafeF,VCB,"Thống kê từ báo cáo tài chính của 27 ngân hàng cho thấy tổng chi phí cho nhân viên đã lên tới hơn 132.000 tỷ đồng. Trong đó, nhiều ngân hàng chi hàng chục nghìn tỷ đồng mỗi năm, với BIDV, VietinBank, Vietcombank, MB và VPBank là những cái tên dẫn đầu về quy mô chi.","Các ngân hàng chi hơn 132.000 tỷ cho nhân viên: BIDV, VietinBank,Vietcombank, MB và VPBank dẫn đầu",POS,0.5286967158317566,0.5286967158317566
2024-02-12,CafeF,VCB,"Nếu Thông tư 41/2016 đã đặt nền móng cho việc áp dụng Basel II tại Việt Nam, thì Thông tư 14/2025 chính là bước đi mang tính hệ thống để các ngân hàng tiến tới áp dụng Basel III, qua đó nâng cao chuẩn mực quản trị rủi ro và khẳng định vị thế trên thị trường khu vực và quốc tế.",Vietcombankchính thức áp dụng tính vốn theo phương pháp tiêu chuẩn Thông tư 14/2025 từ tháng 3/2026,POS,0.5776949524879456,0.5776949524879456
2024-02-13,CafeF,VCB,"Các cá nhân và hộ kinh doanh đang sử dụng tài khoản tại các ngân hàng như Vietcombank, BIDV, Agribank, VietinBank,... cần lưu ý.","Trường hợp người dùngVietcombank, BIDV, Agribank, VietinBank… phải khai báo tài khoản ngân hàng trước 20/4",POS,0.8382871747016907,0.8382871747016907
2024-02-14,CafeF,VCB,"Năm 2025 chứng kiến sự tăng trưởng khá mạnh của tổng thu nhập hoạt động trong toàn ngành ngân hàng, với mức tăng bình quâ 13%. Trong khi hai ngân hàng quốc doanh như BIDV và VietinBank tiếp tục dẫn đầu về quy mô nguồn thu, thì nhiều ngân hàng tư nhân như VPBank, MB hay HDBank lại nổi bật về tốc độ tăng trưởng.","Lần đầu tiên tổng thu nhập của một ngân hàng tư nhân vượtVietcombank, BIDV tiến gần mốc lịch sử",POS,0.9364093542098999,0.9364093542098999
2024-02-15,CafeF,VCB,Hộ kinh doanh và cá nhân kinh doanh sẽ phải thông báo các tài khoản ngân hàng hoặc ví điện tử phục vụ hoạt động kinh doanh cho cơ quan thuế trước ngày 20/4/2026.,"Trước ngày 20/4, người dùng tài khoảnVietcombank, BIDV, Agribank, VietinBank... để kinh doanh phải làm ngay điều này!",NEU,0.6954326033592224,0.0
2024-02-16,CafeF,VCB,"Hiện, mức lãi suất cao nhất tại Vietcombank được áp dụng cho tiền gửi kỳ hạn dài từ 24 tháng trở lên.",Lãi suất ngân hàngVietcombankmới nhất tháng 3/2026,NEU,0.8729549050331116,0.0
2024-02-19,CafeF,VCB,"Tổng lợi nhuận tích lũy của 27 ngân hàng trên sàn đã lên tới gần 500.000 tỷ đồng, tăng khoảng 14% so với cuối năm 2024, trong đó phần lớn ngân hàng ghi nhận mức tăng trưởng tích cực.","Điểm danh ngân hàng có nhiều lợi nhuận tích lũy nhất: Một nhà băng tư nhân có gần 63.000 tỷ đồng, đứng thứ hai hệ thống chỉ sauVietcombank",POS,0.8006153106689453,0.8006153106689453
2024-02-20,CafeF,VCB,"Việt Nam có 13 ngân hàng góp mặt trong bảng xếp hạng năm nay, qua đó nằm trong 8 quốc gia có nhiều ngân hàng được xếp hạng nhất.","13 ngân hàng Việt lọt Top 500 thương hiệu ngân hàng đắt giá nhất hành tinh:Vietcombankdẫn đầu, VPBank và HDBank gây bất ngờ",NEU,0.6473640203475952,0.0
2024-02-21,CafeF,VCB,"Tiền gửi khách hàng tại nhiều ngân hàng tăng mạnh trong năm 2025 với nhiều nhà băng tăng trưởng 20 - 40%. Đáng chú ý, tiền gửi khách hàng tại một ngân hàng ngoài Big4 ghi nhận mức tăng hơn 200.000 tỷ đồng trong năm qua, cao hơn cả Vietcombank và VietinBank.","Tiền gửi tại nhiều ngân hàng tăng rất mạnh: Một nhà băng huy động thêm được nhiều hơn cảVietcombank, VietinBank và chỉ đứng sau BIDV",POS,0.9776374101638794,0.9776374101638794
2024-02-22,CafeF,VCB,"Có 5 trường hợp tài khoản sẽ bị các ngân hàng Vietinbank, Vietcombank, BIDV… tạm dừng giao dịch, bao gồm rút tiền và chuyển tiền mà người dùng cần lưu ý!","5 trường hợp sau sẽ bị Vietinbank,Vietcombank, BIDV… đóng băng tài khoản, dừng giao dịch chuyển tiền/ rút tiền",NEG,0.9813449382781982,-0.9813449382781982
2024-02-23,CafeF,VCB,Việc đặt mật khẩu cho tài khoản ngân hàng là cực kỳ quan trọng khi nó chính là chìa khóa để mở ra ví tiền của chính người dùng.,Cảnh báo quan trọng từVietcombank: Tránh 3 kiểu đặt mật khẩu này nếu không muốn bị mất tiền,POS,0.5083711743354797,0.5083711743354797
2024-02-26,CafeF,VCB,Người dùng ngân hàng cần lưu ý để bảo đảm giao dịch thông suốt.,"Vietcombank, VietinBank, Agribank, BIDV,... có quy định mới, người dân cần chú ý",NEU,0.6341329216957092,0.0
2024-02-27,CafeF,FPT,"Sau hơn 2 thập kỷ hiện diện tại Nhật Bản, FPT đã trở thành một trong những doanh nghiệp công nghệ có vốn đầu tư nước ngoài lớn nhất tại thị trường này, đồng thời khẳng định vị thế tiên phong trong chuỗi giá trị công nghệ Nhật Bản.","FPT""chơi lớn"" tại Nhật Bản, hợp tác chiến lược với tập đoàn tài chính hàng đầu thúc đẩy chuyển đổi số",POS,0.9616016745567322,0.9616016745567322
2024-02-28,CafeF,FPT,Việc áp dụng Chuẩn mực Báo cáo Tài chính Quốc tế (IFRS) thay thế cho Chuẩn mực Kế toán Việt Nam (VAS) dự kiến tạo ra những thay đổi đáng kể lên bức tranh tài chính của nhiều doanh nghiệp.,"Thay đổi dự kiến sẽ 'bóc trần' 30 đại gia lớn nhất sàn chứng khoán: Lợi nhuậnFPTcó thể tăng thêm 30%, Vietnam Airlines gặp cứu cánh",NEG,0.7777771353721619,-0.7777771353721619
2024-02-29,CafeF,FPT,"Trên thế giới, metro ngày càng được nhìn nhận không chỉ là hạ tầng vận tải công cộng, mà là “xương sống” của hệ sinh thái đô thị thông minh, gắn với TOD (Transit Oriented Development), kết nối đa phương thức, các nền tảng số như MaaS (Mobility as a Service), cũng như khai thác dữ liệu thời gian thực để tối ưu vận hành và giảm phát thải.",FPThiến kế phát triển metro tại Việt Nam,POS,0.9800041317939758,0.9800041317939758
2024-03-01,CafeF,FPT,"Tại phiên họp lần thứ nhất năm 2026 của Ban chỉ đạo quốc gia về phát triển ngành công nghiệp bán dẫn, ông Trần Đăng Hòa - Chủ tịch FPT IS, Tập đoàn FPT đưa ra kiến nghị đồng hành cùng Chính phủ, doanh nghiệp hoàn thiện hệ sinh thái bán dẫn, cùng Việt Nam tiến sâu trong chuỗi giá trị toàn cầu, bám sát Nghị quyết số 57-NQ/TW.",Lãnh đạoFPT: “Liên minh các doanh nghiệp cam kết thúc đẩy hệ sinh thái bán dẫn Việt Nam”,POS,0.7915495038032532,0.7915495038032532
2024-03-04,CafeF,FPT,"Trong kỷ nguyên AI toàn cầu, việc làm chủ công nghệ lõi là chìa khóa để các doanh nghiệp công nghệ Việt vươn tầm thế giới. Mới đây, giải pháp AI Agentic Automation - Akabot do FPT phát triển đã chính thức được cấp bằng sáng chế đầu tiên tại Đài Loan (Trung Quốc), khẳng định giá trị và năng lực sáng tạo của sản phẩm ""Make in Vietnam"".",Giải pháp tự động hóa bằng AI củaFPTlần đầu được cấp bằng sáng chế tại Đài Loan (Trung Quốc),POS,0.987211287021637,0.987211287021637
2024-03-05,CafeF,FPT,"Mới đây, nền tảng AI Agentic Automation Akabot của FPT đã được cấp bằng sáng chế tại Đài Loan (Trung Quốc). Bên cạnh đó, FPT cũng góp mặt trong danh sách 16 nhà cung cấp dịch vụ phát triển phần mềm tuỳ chỉnh toàn cầu do Constellation Research - doanh nghiệp nghiên cứu và tư vấn hàng đầu thế giới về chuyển đổi số và những công nghệ mang tính đột phá tại Silicon Valley (Mỹ) công bố.","FPTđón tin vui ""kép"" về dịch vụ phần mềm và AI",POS,0.9720150232315063,0.9720150232315063
2024-03-06,CafeF,FPT,"Theo BVSC, FPT đang định hướng đúng trong quá trình tiến hoá của ngành dịch vụ CNTT.","FPTvà ""ván cược"" AI 6.000 tỷ USD: Kẻ thức thời hay nạn nhân của cuộc đào thải mới?",POS,0.5767342448234558,0.5767342448234558
2024-03-07,CafeF,FPT,"""Việt Nam hiện là một thị trường rất thú vị đối với chúng tôi."" - ông Bernardo Bautista, Giám đốc Điều hành của DHL Express nói.","Nói về làn sóng bán dẫn, giám đốc tập đoàn logistics từ Đức: ""Chúng tôi thấy sự phát triển của các công ty trong nước như Viettel,FPT""",POS,0.9877689480781555,0.9877689480781555
2024-03-08,CafeF,FPT,"Từng chỉ gắn với một dự án duy nhất là FPT City Đà Nẵng suốt hơn một thập kỷ, bất động sản của FPT thời gian gần đây bất ngờ “tăng tốc” với loạt dự án trải dài từ Hà Nội, Hải Phòng đến Khánh Hòa và Tây Nguyên.","Sau 15 năm đặt nền móng tại Đà Nẵng,FPTdồn dập khởi động 7 dự án lớn trên khắp cả nước chỉ trong 3 tháng",POS,0.9220283031463623,0.9220283031463623
2024-03-11,CafeF,FPT,"Tại thời điểm cuối tháng 2, tổng tài sản quản lý của quỹ ngoại PYN Elite Fund đạt khoảng 612,85 triệu euro (tương đương hơn 19.300 tỷ đồng).","Cá mập PYN Elite Fund bán mạnhFPT, ngược chiều xuống tiền ""gom"" HPG",NEU,0.5797357559204102,0.0
2024-03-12,CafeF,FPT,"Với việc triển khai 5 chương trình đào tạo công nghệ chiến lược, FPT đặt mục tiêu tuyển sinh 1.000 sinh viên trong năm 2026, góp phần giải quyết bài toán nguồn nhân lực công nghệ lõi trong tương lai.","FPTbắt tay đối tác quốc tế đào tạo nhân lực cho các ngành mũi nhọn AI, bán dẫn, an ninh mạng và UAV",POS,0.6592959761619568,0.6592959761619568
2024-03-13,CafeF,FPT,"Chuỗi giảm 5 phiên liên tiếp đã kéo cổ phiếu FPT rơi về vùng giá thấp nhất trong 2 năm, vốn hóa lùi về mốc 139.000 tỷ đồng.","Buồn củaFPT: Cổ phiếu thủng đáy 2 năm, ""hở room"" kỷ lục hơn 250 triệu đơn vị",NEG,0.9746568202972412,-0.9746568202972412
2024-03-14,CafeF,FPT,Giao dịch của khối ngoại là điểm trừ khi bán ròng khoảng 1.385 tỷ đồng.,"Phiên 6/3: Khối ngoại tiếp đà bán ròng,FPTbị ""xả"" gần 600 tỷ đồng",NEU,0.8619950413703918,0.0
2024-03-15,CafeF,FPT,"Quyết định điều chỉnh tăng mức cước sàn Internet cố định của Viettel, FPT Telecom và VNPT lên tiệm cận mốc 200.000 đồng phản ánh sức ép trực tiếp từ đà tăng chi phí linh kiện toàn cầu và bài toán dòng vốn tái đầu tư hạ tầng mạng băng rộng.","VNPT, Viettel,FPTđồng loạt tăng cước lên gần 200.000 đồng/tháng: ""Cơn khát"" RAM và cú sốc đội giá linh kiện 600%",NEG,0.8022237420082092,-0.8022237420082092
2024-03-18,CafeF,FPT,Tập đoàn FPT đang chuẩn bị triển khai 2 dự án trọng điểm tại phường Nam Nha Trang (tỉnh Khánh Hoà).,Tập đoànFPTsắp triển khai 2 dự án gần 9.000 tỷ tại tỉnh có đường bờ biển dài nhất Việt Nam,NEG,0.5193784832954407,-0.5193784832954407
2024-03-19,CafeF,FPT,"Hai quỹ Vaneck Vietnam ETF và Xtrackers Vietnam Swap sẽ thực hiện cơ cấu theo bộ chỉ số mới, quá trình cơ cấu hoàn thành trước ngày 23/03/2026.","Hai ""cá mập"" tổng quy mô 27.000 tỷ có thể gom mạnh cổ phiếuFPT, ngược chiều bán bớt mã nhà tỷ phú Phạm Nhật Vượng",POS,0.8613953590393066,0.8613953590393066
2024-03-20,CafeF,FPT,"Xu thế bổ nhiệm vị trí giám đốc AI đang lan rộng khi các doanh nghiệp yêu cầu lợi nhuận từ công nghệ mới, đồng thời đòi hỏi vai trò lớn hơn so với trước đây.","Câu chuyệnFPTbổ nhiệm CTO: Làn sóng ""săn"" đầu người AI từ Silicon Valley đến Việt Nam và con số 60% đầy ám ảnh",NEU,0.8108030557632446,0.0
2024-03-21,CafeF,FPT,"Lợi nhuận trước thuế đạt 355 tỷ đồng, tăng xấp xỉ 13% so với năm trước. Đây cũng là mức lợi nhuận cao nhất kể từ khi doanh nghiệp hoạt động, tương đương bình quân mỗi ngày công ty thu về gần một tỷ đồng tiền lãi.","""FPTcủa ngành thực phẩm"" lập đỉnh lợi nhuận mới, từ chối bán mình cho tỷ phú Việt để 12 năm sau, giá trị lên gấp 5 lần",POS,0.6771678924560547,0.6771678924560547
2024-03-22,CafeF,FPT,"Dự kiến vào giữa tháng 3/2026, Tập đoàn FPT sẽ khởi công tổ hợp giáo dục quy mô 650 tỷ đồng tại TP Hải Phòng.",Tập đoànFPTsắp khởi công dự án 650 tỷ tại thành phố nhỏ nhất Việt Nam,POS,0.7367580533027649,0.7367580533027649
2024-03-25,CafeF,FPT,"Tân Phó Tổng Giám đốc FPT Retail Nguyễn Anh Nguyên sinh năm 1969, tốt nghiệp thủ khoa khoa điện khóa 1987 – 1992 của Đại học Bách khoa TPHCM. Ông có hơn 30 năm kinh nghiệm trong lĩnh vực công nghệ thông tin, quản trị chuỗi cung ứng và vận hành tại các tập đoàn đa quốc gia và doanh nghiệp hàng đầu.",FPTRetail bổ nhiệm Phó Tổng Giám đốc mới,POS,0.5205264091491699,0.5205264091491699
2024-03-26,CafeF,FPT,"Ông Bình nói ""Tôi được cho ngân sách 1 triệu USD để đi toàn cầu hoá. Chúng tôi đã mất tiền ở Silicon Valley (Mỹ) ở Bangalore (Ấn Độ) mà chẳng có hợp đồng nào, đến khi gần hết ngân sách thì Nhật Bản đã cho chúng tôi hợp đồng đầu tiên, từ đó FPT Software đã hồi sinh.""","Ông Trương Gia Bình: Cầm 1 triệu USD đi tìm khách ở Mỹ, Ấn Độ đều mất tiền, cảm ơn Nhật Bản đã hồi sinhFPT Software",POS,0.9372425675392151,0.9372425675392151
2024-03-27,CafeF,FPT,"Tình trạng nhảy việc đang ngày càng phổ biến, đặc biệt trong lứa nhân viên thuộc Thế hệ Z. Tiến sĩ Erhan Atay, giảng viên cấp cao về Quản trị nhân sự tại RMIT Việt Nam, phân tích xu hướng và đưa ra các chiến lược nhằm giải bài toán khó này.","Khi giới trẻ viết lại quy tắc về ""lòng trung thành"", ""nhảy việc"" thành xu hướng: Cách Techcombank,FPT Software, Viettel, Unilever,... giữ chân nhân tài",NEU,0.6736014485359192,0.0
2024-03-28,CafeF,FPT,"Sáng 10/4, trang mạng xã hội X của CLB Chelsea công bố hợp tác với FPT Software – công ty phần mềm hàng đầu của Việt Nam, nhưng nhanh chóng gỡ bỏ bài viết sau đó.","Chelsea đăng công bố hợp tác vớiFPT Software, nhưng 'xóa gấp' chỉ sau ít phút",POS,0.5857051610946655,0.5857051610946655
2024-03-29,CafeF,FPT,"Ngày 7/11,  trong sự kiện ASOCIO DX Summit tại Nhật Bản, Tổ chức Công nghiệp Điện toán Châu Á – Châu Đại Dương (ASOCIO) đã vinh danh bà Chu Thị Thanh Hà, Chủ tịch FPT Software, Tập đoàn FPT, với giải thưởng ""Phụ nữ trong Công nghệ"".","Chủ tịchFPT Software, Tập đoàn FPT, nhận giải thưởng từ tổ chức CNTT Quốc tế ASOCIO",POS,0.983914852142334,0.983914852142334
2024-04-01,CafeF,FPT,"FPT Software mất 8 năm mới cán mốc doanh số năm 10 triệu USD, phải mất 14 năm để cán mốc doanh số năm 100 triệu USD và phải mất 17 năm để cán mốc doanh số năm 200 triệu USD.","FPT Softwarevừa ký một hợp đồng 225 triệu USD bằng doanh số của một năm, lãnh đạo khẳng định mục tiêu lợi nhuận tỷ đô không còn xa",NEU,0.6454614400863647,0.0
2024-04-02,CafeF,FPT,"Mới đây, trên trang cá nhân của mình, ông Đỗ Cao Bảo - thành viên HĐQT của Tập đoàn FPT đã có bài chia sẻ về việc FPT Software vừa mới ký hợp đồng với một khách hàng tại Mỹ.","FPT Softwarevừa ký hợp đồng 225 triệu USD với khách Mỹ, giá trị hợp đồng còn lớn hơn doanh số năm thứ 17 kể từ ngày thành lập",NEU,0.7364024519920349,0.0
2024-04-03,CafeF,FPT,"FPT Software vừa công bố đầu tư 125 tỷ đồng cho chương trình đào tạo hơn 3.000 nhân sự công nghệ thông tin và truyền thông (ICT) chất lượng cao cho thị trường Nhật Bản, đáp ứng sự thiếu hụt nguồn lực của thị trường này.",FPT Softwaređầu tư 125 tỷ đồng đào tạo nguồn lực ICT tiếng Nhật,POS,0.9332337975502014,0.9332337975502014
2024-04-04,CafeF,FPT,FPT Software - công ty thành viên của Tập đoàn FPT và GigaX - công ty thành viên của tập đoàn SK Hàn Quốc mới đây đã công bố xây dựng khung hợp tác về chuyển đổi số nhằm mang lại những bước đột phá trong việc nâng cao hiệu quả hoạt động và phát triển bền vững cho các doanh nghiệp châu Âu.,FPT Softwarehợp tác với GigaX thúc đẩy chuyển đổi số và phát triển bền vững tại châu Âu,POS,0.9770454168319702,0.9770454168319702
2024-04-05,CafeF,FPT,"HÀ NỘI, Việt Nam — FPT Software lần đầu tiên được vinh danh trong hạng mục Kiến tạo việc làm của ESG Business Awards 2024 - giải thưởng quốc tế uy tín hàng đầu thế giới về phát triển bền vững.",FPT SoftwareGiành Giải Kiến Tạo Việc Làm tại ESG Business Awards 2024,POS,0.9903672933578491,0.9903672933578491
2024-04-08,CafeF,FPT,"Từ ""con số không"" về quy trình lẫn chuyên môn khi xuất khẩu phần mềm ra thế giới, mang tinh thần ""liều"" và quyết tâm ghi danh Việt Nam lên bản đồ số thế giới, sau 25 năm nỗ lực mang tri thức Việt Nam ra toàn cầu, FPT lần đầu tiên vượt mốc 1 tỷ USD doanh thu dịch vụ CNTT.",CáchFPT Softwareáp dụng bài học từ huyền thoại công nghệ thế giới,POS,0.9711450338363647,0.9711450338363647
2024-04-09,CafeF,FPT,"Gần đây, FPT Software được vinh danh chiến thắng ở ba hạng mục tại Giải thưởng Globee® dành cho Công nghệ - một trong những chương trình giải thưởng kinh doanh hàng đầu thế giới. Đây là năm thứ tư liên tiếp các giải pháp của FPT Software xuất hiện trong danh sách này.",FPT Softwarethắng ba giải tại Giải thưởng Globee® uy tín về Công nghệ,POS,0.9873939752578735,0.9873939752578735
2024-04-10,CafeF,FPT,"FPT Software vừa giành được chứng chỉ HITRUST thời hạn         2 năm cho Hệ thống Dịch vụ Web, Hệ thống Cơ sở dữ liệu và Hệ thống Triển khai. Đây là lần thứ hai FPT Software đạt được sự công nhận này, khẳng định cam kết giữ vững các tiêu chuẩn về bảo mật dữ liệu và quản lý rủi ro của công ty trong lĩnh vực Y tế.",FPT Softwaretiếp tục đạt chứng nhận uy tín về bảo mật ngành Y tế,POS,0.9462765455245972,0.9462765455245972
2024-04-11,CafeF,FPT,"Mới đây, FPT Software xuất sắc giành thứ hạng cao nhất của Giải thưởng Stevie® với giải pháp Bảo hiểm Confidon, khẳng định năng lực của Công ty trong việc cung cấp các giải pháp dịch vụ công nghệ cao tới khách hàng toàn cầu.",Giải pháp bảo hiểm củaFPT Softwaregiảnh giải Vàng tại Asia-Pacific Stevie Awards 2024,POS,0.9895323514938354,0.9895323514938354
2024-04-12,CafeF,FPT,"FPT Software đánh dấu cột mốc năm thứ hai liên tiếp được vinh danh tại giải thưởng Healthcare Asia Medtech Awards 2024, khẳng định vị thế của nhà cung cấp các giải pháp công nghệ đẳng cấp quốc tế cho các nhà cung cấp dịch vụ trong lĩnh vực chăm sóc sức khỏe.",FPT Softwarenhận cú đúp giải thưởng danh giá trong lĩnh vực chăm sóc sức khỏe,POS,0.979516863822937,0.979516863822937
2024-04-15,CafeF,FPT,FPT Software lần đầu tiên lọt vào bảng báo cáo xếp hạng danh giá của HFS Horizons dành cho các công ty cung cấp dịch vụ vận hành thông minh trong lĩnh vực công nghiệp.,FPT Softwarexếp hạng Người đột phá tại báo cáo uy tín ngành công nghiệp,POS,0.9305331110954285,0.9305331110954285
2024-04-16,CafeF,FPT,Ông Tuấn gia nhập FPT năm 1996 và từng giữ nhiều vị trí lãnh đạo quan trọng tại các công ty thành viên của FPT.,Tổng Giám đốcFPT Softwaređược bổ nhiệm làm Phó Tổng Giám đốc Tập đoàn FPT,POS,0.7909365296363831,0.7909365296363831
2024-04-17,CafeF,FPT,"Đặt mục tiêu trở thành doanh nghiệp phát triển bền vững, FPT Software đã chính thức hợp tác và ứng dụng giải pháp kiểm kê khí nhà kính VertZéro do đơn vị thành viên của Tập đoàn FPT là FPT IS phát triển.",FPT Softwaretiên phong kiểm kê khí nhà kính trên quy mô toàn cầu,POS,0.9778719544410706,0.9778719544410706
2024-04-18,CafeF,FPT,"Ông Đặng Trần Phương khẳng định, không nhiều công ty trên thế giới có thể cung cấp dịch vụ công nghệ thông tin cho cả hai công ty sản xuất máy bay hàng đầu thế giới.",Phó TGĐFPT Software: Mọi chuyến bay đều có dòng code của người FPT bảo vệ,NEG,0.5134851932525635,-0.5134851932525635
2024-04-19,CafeF,FPT,"Năm 2022, doanh thu mảng dịch vụ công nghệ thông tin tại nước ngoài của FPT đạt 18.935 tỷ đồng tăng hơn 30% so với năm 2021 và tăng đều đặn qua từng năm.","Ông Hoàng Nam Tiến khoeFPT Softwarechính thức cán mốc 1 tỷ USD doanh thu,  Fsoft Japan lọt top 30 công ty IT lớn nhất Nhật Bản",POS,0.9627227783203125,0.9627227783203125
2024-04-22,CafeF,FPT,"FPT Software (Công ty thành viên của Tập đoàn FPT) gia nhập liên minh AI do IBM và Meta khởi xướng, cùng 50 công ty, tổ chức lớn khác.","FPT Softwaregia nhập liên minh AI toàn cầu do IBM, Meta sáng lập",POS,0.8071714043617249,0.8071714043617249
2024-04-23,CafeF,HPG,"VNM ETF sẽ mua mới MCH, VCK, VPX và tăng tỷ trọng VIX đồng thời bán bớt lượng lớn nhiều cổ phiếu như HPG, VCB, VNM, SSI, MSN...","Quỹ ETF ngoại quy mô 15.000 tỷ thêm mới MCH, VCK, VPX, dự kiến bán mạnh loạt BluechipsHPG, VCB, VNM…",NEU,0.6333510279655457,0.0
2024-04-24,CafeF,HPG,"Ông Trần Vũ Minh, con trai của ông Trần Đình Long- Chủ tịch HĐQT của Hòa Phát vừa đăng ký mua vào 50 triệu cổ phiếu HPG nhằm mục đích tăng sở hữu cổ phiếu.",Con trai Chủ tịch Trần Đình Long muốn ‘gom’ 50 triệu cổ phiếuHPG,NEU,0.7580395936965942,0.0
2024-04-25,CafeF,HPG,"Ngay khi giá cổ phiếu HPG lùi về mức thấp nhất 6 tháng, ông Trần Vũ Minh, con trai Chủ tịch Trần Đình Long, đã đăng ký mua 50 triệu đơn vị nhằm tăng tỷ lệ sở hữu.",Quá nhanh: Con trai Chủ tịch Trần Đình Long đăng ký mua 50 triệu cổ phiếuHPGkhi giá chạm đáy 6 tháng,NEU,0.7267704606056213,0.0
2024-04-26,CafeF,HPG,"Tại thời điểm cuối tháng 2, tổng tài sản quản lý của quỹ ngoại PYN Elite Fund đạt khoảng 612,85 triệu euro (tương đương hơn 19.300 tỷ đồng).","Cá mập PYN Elite Fund bán mạnh FPT, ngược chiều xuống tiền ""gom""HPG",NEU,0.5797357559204102,0.0
2024-04-29,CafeF,HPG,"Trong 3 phiên gần đây kể từ khi thị trường chứng khoán mở cửa trở lại sau dịp nghỉ Tết Nguyên Đán, nhà đầu tư nước ngoài đã mua ròng hàng chục triệu cổ phiếu HPG mỗi phiên.","Nhà đầu tư nước ngoài mua ròng 60 triệu cổ phiếuHPG: Nhiều nhất lịch sử từ khi niêm yết, chuyện gì đang xảy ra?",POS,0.4935324192047119,0.4935324192047119
2024-04-30,CafeF,HPG,"Danh mục tập trung chủ yếu vào cổ phiếu ngân hàng và thép, trong đó khoản đầu tư lớn nhất là cổ phiếu Techcombank với giá trị khoảng 286 tỷ đồng, tạm lỗ hơn 52 tỷ đồng. Ngoài ra, Digiworld còn nắm giữ cổ phiếu Hòa Phát với giá gốc 227 tỷ đồng và VPBank gần 78 tỷ đồng, cùng một số khoản đầu tư khác có tổng giá trị hơn 180 tỷ đồng.","Rót gần 800 tỷ muaHPG, TCB, VPB tạm lỗ 90 tỷ, lãnh đạo Digiworld (DGW) nói gì?",NEG,0.9403107166290283,-0.9403107166290283
2024-05-01,CafeF,HPG,"Lũy kế cả năm 2025, Tập đoàn đạt 158.332 tỷ đồng doanh thu, 15.515 tỷ đồng lợi nhuận sau thuế, lần lượt đạt 93% và 103% kế hoạch đề ra, tăng tương ứng 13% và 29% so với năm 2024.","Hòa Phát (HPG) báo lãi sau thuế năm 2025 đạt hơn 15.500 tỷ đồng, tăng 29% so với năm 2024",POS,0.9675309062004089,0.9675309062004089
2024-05-02,CafeF,HPG,"Tại thời điểm 31/12/2025, danh mục đầu tư chứng khoán của NDN bao gồm các mã HPG - Hòa Phát, VHM - Vinhomes, DGC - Hóa chất Đức Giang, PVT – PVTrans, DGW – Digiworld…","Một doanh nghiệp bất động sản ""thắng lớn"" nhờ ôm cổ phiếu VHM vàHPG, lãi tăng bằng lần trong năm 2025",NEU,0.5635016560554504,0.0
2024-05-03,CafeF,HPG,"Tính đến tháng 10/2025, tổng quỹ đất KCN của Hòa Phát hiện đạt trên 2.435 ha.",Tập đoàn Hòa Phát (HPG) sắp xây khu công nghiệp hơn 2.800 tỷ ở tỉnh Hưng Yên,POS,0.5340068340301514,0.5340068340301514
2024-05-06,CafeF,HPG,"Bản cáo bạch IPO vừa công bố cho thấy Chủ tịch Trần Đình Long cùng các lãnh đạo Tập đoàn Hòa Phát đã dùng hơn 57 triệu cổ phiếu HPG cá nhân, tương đương giá trị thị trường ước tính khoảng 1.570 tỷ đồng, để đảm bảo cho các khoản vay của Nông nghiệp Hòa Phát (HPA).",Tỷ phú Trần Đình Long và dàn lãnh đạo Hòa Phát đem gần 60 triệu cổ phiếuHPGcủa cá nhân làm tài sản đảm bảo cho Nông nghiệp Hòa Phát vay,POS,0.5203689336776733,0.5203689336776733
2024-05-07,CafeF,HPG,"Từ khoản đầu tư 127.000 đồng trong ngày giao dịch đầu tiên, nếu kiên trì mua mỗi ngày 1 cổ phiếu thì sau hơn 4.400 phiên giao dịch nhà đầu tư sẽ sở hữu lượng cổ phiếu trị giá 1,76 tỷ đồng, hiệu suất sinh lời 1.158%.",Mỗi ngày mua 1 cổ phiếuHPGcủa Hòa Phát: Hiệu suất sinh lời đáng kinh ngạc từ 'xe lu',POS,0.9459373950958252,0.9459373950958252
2024-05-08,CafeF,HPG,"Với các tiêu chí lựa chọn được công bố, các cổ phiếu đầu ngành như FPT, HPG, GEX... nhiều khả năng sẽ có mặt trong bộ chỉ số này.","HoSE ra mắt bộ chỉ số đầu tư cổ phiếu công nghiệp và công nghệ, FPT,HPG, GEX góp mặt",POS,0.878720223903656,0.878720223903656
2024-05-09,CafeF,HPG,"Lũy kế 6 tháng đầu năm, Tập đoàn đạt doanh thu hơn 74.000 tỷ đồng, lợi nhuận sau thuế đạt hơn 7.600 tỷ đồng, tăng lần lượt 5% và 23% so với cùng kỳ năm trước.","Hòa Phát (HPG) báo lãi quý 2/2025 đạt 4.300 tỷ đồng, cao nhất 3 năm, nâng sản lượng HRC lên 9 triệu tấn",POS,0.9549577832221985,0.9549577832221985
2024-05-10,CafeF,HPG,Ông Đặng Ngọc Khánh- Thành viên độc lập HĐQT của Hòa Phát vừa đăng ký mua vào 400.000 cổ phiếu HPG nhằm mục đích tăng sở hữu.,Lãnh đạo Hòa Phát muốn ‘gom’ 400.000 cổ phiếuHPG,POS,0.5345985889434814,0.5345985889434814
2024-05-13,CafeF,HPG,"VNM ETF là một trong những quỹ ETF ngoại có quy mô lớn nhất thị trường với NAV hơn 400 triệu USD, vừa thêm mới BAF đồng thời không loại bớt cổ phiếu nào.","Quỹ ETF ngoại quy mô hơn 400 triệu USD dự kiến mua mạnh SSI,HPGnhưng sẽ “xả” lượng lớn hai cổ phiếu Bluechips",POS,0.948881983757019,0.948881983757019
2024-05-14,CafeF,HPG,"Hòa Phát mới đây đã công bố nghị quyết HĐQT về việc triển khai chi tiết phương án chi trả cổ tức năm 2024, với tỷ lệ 20% bằng cổ phiếu, dự kiến thực hiện trong tháng 5.",Sếp Hòa Phát muốn “sang tay” số cổ phiếuHPGtrị giá 220 tỷ cho người nhà,NEG,0.9538075923919678,-0.9538075923919678
2024-05-15,CafeF,HPG,"Nguyên nhân lỗ do khoản trích lập dự phòng giảm giá chứng khoán 41,3 tỷ và bán cắt lỗ một phần cổ phiếu đầu tư ngắn hạn.","Công ty dành gần 1.900 tỷ tương đương 70% tài sản ""ôm"" cổ phiếu Thế giới di động, Hòa Phát, SSI..., quý 1 gom thêm 15 triệuHPG: Báo lỗ  42 tỷ",NEG,0.9848880767822266,-0.9848880767822266
2024-05-16,CafeF,HPG,"""Hòa Phát đang là doanh nghiệp sản xuất thép tư nhân lớn nhất Việt Nam, chúng tôi tự tin có thể đáp ứng hoàn toàn các nhu cầu về thép cho sự phát triển kinh tế của đất nước trong kỷ nguyên mới"", ông Thẳng nêu rõ.","Hòa Phát đặt mục tiêu tăng trưởng bình quân 15% trong 5 năm tới, Tổng Giám đốcHPGnêu loạt giải pháp trọng tâm",POS,0.9681169986724854,0.9681169986724854
2024-05-17,CafeF,HPG,"Theo một doanh nghiệp tôn mạ, dù mức thuế sơ bộ vừa công bố khá cao, nhưng trên thực tế không gây thêm ảnh hưởng tiêu cực đáng kể đến tình hình sản xuất – kinh doanh hiện tại của các doanh nghiệp thép Việt Nam do việc tạm ngừng xuất khẩu thép mạ sang Mỹ đã kéo dài suốt từ thời điểm khởi xướng điều tra cho đến nay.","Mỹ công bố mức thuế sơ bộ chống bán phá giá thép mạ ảnh hưởng thế nào đến các doanh nghiệp HSG,HPG, NKG?",NEU,0.7735500931739807,0.0
2024-05-20,CafeF,HPG,Tỷ lệ cổ tức dự kiến năm 2025 cũng là 20%.,"Hòa Phát (HPG) lên kế hoạch doanh thu kỷ lục 170.000 tỷ đồng, dự kiến trả cổ tức năm 2024 tỷ lệ 20%",NEU,0.870294988155365,0.0
2024-05-21,CafeF,VIC,Vinpearl vừa có báo cáo về việc chuyển nhượng quyền sở hữu hơn 90 triệu cổ phiếu VIC trong khoảng thời gian từ 12/3/2026 đến 10/4/2026.,Vinpearl sắp chuyển nhượng hơn 90 triệu cổ phiếuVIC,NEG,0.9177220463752747,-0.9177220463752747
2024-05-22,CafeF,VIC,"Thị trường chứng khoán ngày 26/2 ghi nhận dòng tiền chủ động mua vào cộng với sự hồi phục của VIC. Qua đó, VN-Index tăng 19 điểm.","Chứng khoán ngày 26/2:VIChồi phục, VN-Index tăng 19 điểm",POS,0.8734930753707886,0.8734930753707886
2024-05-23,CafeF,VIC,"Tại ngày 31/12/2025, tổng tài sản Vingroup 1,12 triệu tỷ đồng, tăng 34% so với 31/12/2024.","Vingroup (VIC) ghi nhận doanh thu năm 2025 đạt kỷ lục gần 333.000 tỷ đồng, lợi nhuận sau thuế hơn 11.000 tỷ đồng, gấp đôi năm trước",POS,0.9059342741966248,0.9059342741966248
2024-05-24,CafeF,VIC,"Việc không nắm giữ cổ phiếu nhóm Vingroup khiến hiệu suất giai đoạn ba tháng cuối năm 2025 của Pyn Elite Fund tương đối thấp, từ đó làm suy giảm đáng kể hiệu quả chung của quỹ trong cả năm.","""Cá mập"" Pyn Elite Fund: Không nắm giữVICkhiến hiệu suất đầu tư 2025 suy giảm",NEG,0.9637370109558105,-0.9637370109558105
2024-05-27,CafeF,VIC,"Giữa lúc 3,9 tỷ cổ phiếu VIC 'nhập cuộc' củng cố thanh khoản thị trường, việc hệ sinh thái FLC rời sàn vào đúng ngày cuối năm 2025 tạo nên một bức tranh đối lập","Chứng khoán ngày cuối năm 2025: Gần 3,9 tỷ cổ phiếuVICvề tài khoản, hệ sinh thái FLC chính thức rời sàn",NEU,0.7067216634750366,0.0
2024-05-28,CafeF,VIC,"Tập đoàn Vingroup vừa công bố hoàn tất đợt chào bán trái phiếu ra thị trường quốc tế với tổng giá trị 325 triệu USD, kỳ hạn 5 năm và được niêm yết tại Sở Giao dịch Chứng khoán Vienna (Áo).","Cổ phiếuVICvừa phá đỉnh lịch sử, tỷ phú Phạm Nhật Vượng huy động thành công 325 triệu USD vốn ngoại",NEG,0.4840574860572815,-0.4840574860572815
2024-05-29,CafeF,VIC,"VNM ETF sẽ mua mới TCX, tăng tỷ trọng nhiều mã như HPG, SSI, VCB, SHB… đồng thời bán bớt lượng lớn VIC, HVN.","Quỹ ETF ngoại quy mô 15.000 tỷ thêm mới TCX, dự kiến bán mạnhVIC",NEU,0.7551931738853455,0.0
2024-05-30,CafeF,VIC,"Phiên giao dịch 9-12 khép lại trong trạng thái giằng co mạnh, khi nỗ lực vượt đỉnh lịch sử bất thành kích hoạt làn sóng bán tháo trên diện rộng","Khối ngoại bán ròng mạnh, cổ phiếuVIChết ""gánh"" nổi chỉ số",NEG,0.9831206798553467,-0.9831206798553467
2024-05-31,CafeF,VIC,Sắc tím của VIC kết hợp đà tăng của các mã vốn hoá lớn khác giúp VN-Index có thêm hơn 12 điểm nhưng áp lực bán vẫn bao trùm diện rộng,"VN-Index vượt 1.750 điểm nhờVICtăng trần, danh mục nhà đầu tư vẫn ""đỏ lửa""",NEU,0.6879124045372009,0.0
2024-06-03,CafeF,VIC,"Thị trường kết tuần ở trạng thái ""xanh vỏ đỏ lòng"" khi VN-Index tăng điểm nhờ sức bật mạnh mẽ của cổ phiếu VIC, trong khi phần còn lại đều suy yếu",Cổ phiếuVICvà phần còn lại của thị trường chứng khoán,NEU,0.8618847727775574,0.0
2024-06-04,CafeF,VIC,"Tính tới sáng ngày 1/12/2025, tỷ phú Phạm Nhật Vượng có khối tài sản cán mốc 24,3 tỷ USD, khối tài sản của tỷ phú Nguyễn Thị Phương Thảo ở mức 4,7 tỷ USD.",Sắc xanh mãVICvà VJC đưa 2 tỷ phú Việt thăng hạng trên danh sách người giàu nhất thế giới,POS,0.6014915704727173,0.6014915704727173
2024-06-05,CafeF,VIC,"Rất nhiều nhà đầu tư ngậm ngùi đứng ngoài nhìn con tàu cao tốc Vingroup băng băng phi về phía trước mà “không có hàng”, thậm chí còn bán hết trước khi cổ phiếu VIC tăng bốc đầu.",Đừng buồn nếu “lỡ tàu” Vingroup: Chaebol Hàn Quốc còn bán hết cổ phiếuVICtrước khi giá tăng bằng lần,NEG,0.963860034942627,-0.963860034942627
2024-06-06,CafeF,VIC,"Ngày 26/11, tỷ phú Phạm Nhật Vượng và Công ty cổ phần Đầu tư và Phát triển đường sắt cao tốc VinSpeed cùng có thông báo giao dịch cổ phiếu VIC của Tập đoàn Vingroup.",Tỷ phú Phạm Nhật Vượng chuyển tiếp lượng cổ phiếuVICtrị giá 10.800 tỷ đồng sang VinSpeed,NEU,0.8009400367736816,0.0
2024-06-07,CafeF,VIC,Tài sản của 2 vợ chồng tỷ phú Phạm Nhật Vượng tăng thêm hơn 17.000 tỷ đồng trong ngày hôm nay.,"VIClập đỉnh lịch sử, tài sản vợ chồng tỷ phú Phạm Nhật Vượng tăng thêm 17.000 tỷ, bà Nguyễn Thị Phương Thảo 'không chịu thua' khi VJC tăng trần",POS,0.9243201017379761,0.9243201017379761
2024-06-10,CafeF,VIC,Vingroup đã đề xuất tham gia 1 dự án điện gió ngoài khơi ở Hà Tĩnh. Dự án Nhà máy Điện gió Kỳ Anh với tổng vốn đầu tư 17.051 tỷ đồng.,Đằng sau việc ông Phạm Nhật Vượng góp 60 triệu cổ phiếuVICvào VinEnergo,NEU,0.572738528251648,0.0
2024-06-11,CafeF,VIC,"Gần nhất, ông Phạm Nhật Vượng – Chủ tịch HĐQT Tập đoàn Vingroup đã chuyển quyền sở hữu hơn 60 triệu cổ phiếu VIC sang Công ty Cổ phần Năng lượng VinEnergo nhằm góp thêm vốn cổ phần.","Gần 600 triệu cổ phiếuVICđã rời tài khoản cá nhân của tỷ phú Phạm Nhật Vượng đổ vào giấc mơ điện sạch, taxi xanh và đường sắt cao tốc",NEU,0.4837225377559662,0.0
2024-06-12,CafeF,VIC,"Cổ phiếu VIC của Tập đoàn Vingroup, lập kỷ lục tại vùng giá kịch trần cao nhất lịch sử niêm yết đạt hơn 205.000 đồng/cổ phiếu, đồng thời dẫn dắt thị trường tích lũy thêm hơn 17 điểm.","Cổ phiếuVIClập kỷ lục hơn 200.000 đồng/cổ phiếu, VN-Index nối dài chuỗi “thăng hoa”",NEG,0.9861878156661987,-0.9861878156661987
2024-06-13,CafeF,VIC,"Chủ tịch Phạm Nhật Vượng đã dùng hơn 60 triệu cổ phiếu VIC, tương ứng 1,55% vốn điều lệ Vingroup, để góp vốn vào VinEnergo.",Chủ tịch Phạm Nhật Vượng hoàn tất mang hơn 60 triệu cổ phiếuVICgóp vốn vào VinEnergo,POS,0.7421872615814209,0.7421872615814209
2024-06-14,CafeF,VIC,Ông Phạm Nhật Vượng dự kiến chuyển nhượng hơn 60 triệu cổ phiếu VIC sang VinEnergo để góp vốn.,Tỷ phú Phạm Nhật Vượng có động thái mới với lượng cổ phiếuVICtrị giá hơn 10.000 tỷ đồng,NEU,0.8363064527511597,0.0
2024-06-17,CafeF,VIC,"Sau chưa đầy 5 tháng tỷ phú Phạm Nhật Vượng đưa ra lời khuyên, cổ phiếu VIC tăng 2,5 lần, đưa Vingroup trở lại ngôi vị doanh nghiệp có vốn hóa lớn nhất thị trường chứng khoán Việt Nam. Trong khi đó, giá vàng mới tăng 7% lên 129 triệu đồng/lượng.","Từ ngày tỷ phú Phạm Nhật Vượng khuyên ""chọnVICthay vì vàng"": Cổ phiếuVICđã tăng gần 3 lần, còn vàng gần như đứng im",POS,0.9594777226448059,0.9594777226448059
2024-06-18,CafeF,VIC,"Sức chứa của sân vận động này gần gấp đôi Old Trafford - sân nhà của Manchester United, hiện có khoảng 74.000 chỗ ngồi.","Việt Nam sắp sở hữu sân vận động chưa từng có trong lịch sử doVingroupcủa tỷ phú Phạm Nhật Vượng xây, sức chứa vượt nhiều ""siêu sân"" toàn cầu",POS,0.7341969609260559,0.7341969609260559
2024-06-19,CafeF,VIC,"Tính theo thị giá trên sàn hiện tại, giá trị lượng cổ phần trên xấp xỉ 7.200 tỷ đồng.",Xuất hiện 1 cổ đông ngoại đã thực hiện quyền chuyển đổi lượng cổ phiếuVingroupgiá trị hơn 7.000 tỷ,NEU,0.5976434946060181,0.0
2024-06-20,CafeF,VIC,Tập đoàn này đã trúng thầu và đang triển khai ba dự án lớn tại Hà Nội.,"Không chỉ cùngVingroupxây cầu Tứ Liên, Tập đoàn hàng đầu Trung Quốc còn ‘ngỏ ý’ hợp tác loạt dự án tại Việt Nam",POS,0.5954248905181885,0.5954248905181885
2024-06-21,CafeF,VIC,"Siêu đô thị Hạ Long Xanh quy mô khoảng 4.100 ha, tổng vốn gần 18 tỷ USD do Vingroup triển khai tại Quảng Ninh vừa có thêm doanh nghiệp tham gia cung cấp thiết bị thi công.",Tập đoànVingroupbắt tay doanh nghiệp cung cấp máy móc tại siêu dự án 18 tỷ USD chưa từng có tại Việt Nam,POS,0.9601292610168457,0.9601292610168457
2024-06-24,CafeF,VIC,Hội đồng quản trị Tập đoàn Vingroup vừa thông qua nghị quyết niêm yết lô trái phiếu quốc tế trị giá tối đa 350 triệu USD (tương đương hơn 8.700 tỷ đồng),Vingrouptiếp tục chọn 'Thủ đô Âm nhạc' làm điểm niêm yết lô trái phiếu ngoại quy mô hơn 8.700 tỷ đồng,NEG,0.9471048712730408,-0.9471048712730408
2024-06-25,CafeF,VIC,Hơn 900 căn nhà xã hội tại phường Tiền Phong (Bắc Ninh) vừa được duyệt đầu tư với giá dự kiến dưới 22 triệu đồng/m2.,"Tỉnh sát vách Hà Nội sở hữu sân bay 5 sao,Vingroup, Sun Group đổ bộ...sắp có thêm hơn 900 căn nhà ở xã hội giá dưới 22 triệu đồng/m2",NEU,0.6966328620910645,0.0
2024-06-26,CafeF,VIC,"Công ty Cổ phần Đầu tư và Xây dựng SGC – Tổng thầu thi công các công trình Đường sắt tốc độ cao và Hạ tầng, hầm đường bộ,… tại Việt Nam – thành viên thuộc Tập đoàn Vingroup thông báo tuyển dụng 25.000 nhân sự trên toàn hệ thống. Đây là bước đi chiến lược của SGC và Vingroup nhằm xây dựng đội ngũ nhân sự thi công hạ tầng quy mô lớn nhất từ trước đến nay.","Tổng thầu đường sắt cao tốc, hạ tầng củaVingrouptuyển dụng 25.000 nhân sự cho loạt công trình thế kỷ",POS,0.8871351480484009,0.8871351480484009
2024-06-27,CafeF,VIC,"Đại diện Tập đoàn Xây dựng Thái Bình Dương (Trung Quốc) cam kết nếu được hợp tác, tổng quy mô đầu tư dự kiến tại Đắk Lắk trong 5 năm tới sẽ không thấp hơn 3,5 tỷ USD","“Ông lớn” xây dựng Trung Quốc cùngVingroupxây cầu Tứ Liên muốn đầu tư ít nhất 3,5 tỷ USD vào một tỉnh miền Trung có diện tích rộng thứ 3 cả nước",POS,0.9769176244735718,0.9769176244735718
2024-06-28,CafeF,VIC,"Khi đi vào khai thác, cầu Tứ Liên sẽ tăng cường kết nối khu vực trung tâm TP Hà Nội với khu vực phía Bắc và Đông Bắc sông Hồng.","Siêu cầu có trụ tháp cao 185 m do liên danhVingrouptriển khai, tổng mức đầu tư gần 20.000 tỷ đồng có chuyển động mới",POS,0.9749250411987305,0.9749250411987305
2024-07-01,CafeF,VIC,"Hàng trăm xe tải, máy xúc, máy ủi và phương tiện chuyên dụng liên tục ra vào công trường, tạo nên khung cảnh  như “một đàn kiến khổng lồ” đang miệt mài làm việc.","Khung cảnh khó tin chưa từng thấy tại công trình 18 tỷ USD ""khủng"" nhất lịch sử củaVingroup",NEG,0.9656231999397278,-0.9656231999397278
2024-07-02,CafeF,VIC,"Dự án xây dựng tuyến đường vượt biển kết nối Cần Giờ - Vũng Tàu (cũ) theo phương thức PPP (hợp đồng BT) do Tập đoàn Vingroup đề xuất, có tổng mức đầu tư khoảng 92.663 tỷ đồng.","Siêu dự án vượt biển chưa từng có doVingroupđề xuất, tổng mức đầu tư hơn 92.000 tỷ đồng bước vào giai đoạn then chốt",NEU,0.7982240915298462,0.0
2024-07-03,CafeF,VIC,Hà Nội rào chắn một phần đường Âu Cơ - Nghi Tàm để phục vụ thi công cầu Tứ Liên và đường dẫn hai đầu cầu.,Thông tin mới tại 'siêu cầu' gần 20.000 tỷ đồng qua sông Hồng do liên danhVingroupxây dựng,NEU,0.757560133934021,0.0
2024-07-04,CafeF,VIC,"Gắn bó với Vingroup từ những ngày đầu, bà Phạm Thúy Hằng hiện giữ vị trí Phó Chủ tịch và nắm giữ lượng lớn cổ phiếu VIC, nền tảng hình thành khối tài sản tỷ USD.",Em vợ tỷ phú Phạm Nhật Vượng làm gì tạiVingroupđể trở thành tỷ phú USD?,POS,0.9031440615653992,0.9031440615653992
2024-07-05,CafeF,VIC,"Danh sách tỷ phú thế giới 2026 của Forbes ghi nhận ông Phạm Nhật Vượng sở hữu 27,7 tỷ USD, đứng hạng 93 toàn cầu, cùng sự góp mặt của hai lãnh đạo nữ Vingroup.","Top giàu nhất thế giới: Tỷ phú Phạm Nhật Vượng lên hạng 93, vượt Chủ tịch Samsung, 2 ""nữ tướng""Vingrouplần đầu tiên xuất hiện",POS,0.9633816480636597,0.9633816480636597
2024-07-08,CafeF,VIC,"Tập đoàn Vingroup triển khai khẩn cấp chương trình ""Thu xăng - Đổi điện"" hỗ trợ khách hàng giảm áp lực xăng dầu.",Vingroupcủa ông Phạm Nhật Vượng có công bố khẩn,NEG,0.964423418045044,-0.964423418045044
2024-07-09,CafeF,VIC,"Tuyến đường vượt biển kết nối Cần Giờ với khu vực Vũng Tàu (trước khi sáp nhập) có thể khởi công vào quý II/2026 và hoàn thành, đưa vào khai thác trong quý I/2029.",Siêu dự án vượt biển chưa từng có: Tuyến đường 93.000 tỷ nối Cần Giờ – Vũng Tàu doVingroupđề xuất dự kiến khởi công vào quý 2/2026,POS,0.9703008532524109,0.9703008532524109
2024-07-10,CafeF,VIC,"Cuộc trò chuyện với ông Trường Bùi, Partner hãng tư vấn Roland Berger, mang đến lăng kính thực chiến, mổ xẻ trực diện các ""điểm mù"" quản trị của sếp Việt và giải mã nhiều nút thắt kinh tế vĩ mô.","Chuyên gia hãng tư vấn Đức mổ xẻ: Từ thói quen ""cái gì cũng tự làm"", cáchVingroupbạo chi tiếp cận tri thức đến nghịch lý logistics Việt Nam cước cực rẻ nhưng chi phí cực đắt",NEG,0.7535384893417358,-0.7535384893417358
2024-07-11,CafeF,VIC,UBND phường Hồng Hà vừa ban hành quy chế bốc thăm tái định cư cho các hộ dân bị thu hồi đất phục vụ dự án cầu Tứ Liên.,Siêu cầu Tứ Liên gần 20.000 tỷ do liên danhVingroupcủa tỷ phú Phạm Nhật Vượng xây dựng đạt tiến độ mới,NEU,0.8586301803588867,0.0
2024-07-12,CafeF,VIC,"Công ty Cổ phần Vinpearl vừa thông báo đăng ký chuyển quyền sở hữu hơn 90 triệu cổ phiếu VIC nhằm thực hiện quyền chọn nhận cổ phiếu của trái chủ đối với lô trái phiếu quốc tế phát hành năm 2024, với tổng giá trị hoán đổi ước đạt hơn 14.000 tỷ đồng.",Vinpearl chuyển nhượng lô cổ phiếuVingrouptrị giá 14.000 tỷ cho nhóm nhà đầu tư đặc biệt,NEG,0.9679518938064575,-0.9679518938064575
2024-07-15,CafeF,VIC,"Hàng chục tỷ USD từ các tập đoàn hàng đầu đang thiết lập nền tảng hạ tầng, năng lượng, tái định hình không gian kinh tế cực Nam sau quy hoạch.","Vingroup, T&T, Xuân Thiện và dòng vốn ngoại tỷ USD: Lộ diện chuỗi dự án tái định hình kinh tế Cà Mau",POS,0.9613265991210938,0.9613265991210938
2024-07-16,CafeF,POW,"VN-Index lập đỉnh lịch sử mới khi bứt phá hơn 45 điểm cùng thanh khoản 33.000 tỷ đồng, được dẫn dắt bởi sắc tím lan tỏa khắp nhóm cổ phiếu năng lượng.","GAS, BSR,POW, PLX cùng các cổ phiếu năng lượng đồng loạt tím trần: Điều gì đang xảy ra",POS,0.9635438323020935,0.9635438323020935
2024-07-17,CafeF,POW,"Hàng loạt doanh nghiệp được dự báo có thể đạt mức tăng trưởng lợi nhuận quý 4 hàng chục phần trăm, thậm chí ""tăng bằng lần"" so với cùng kỳ năm trước.","CTCK ước tính KQKD quý 4/2025 của 63 cái tên ""hot"": SSI, VPB, KBC, MWG, PLX,POWlãi đột biến, một DN có thể tăng trưởng lợi nhuận gần 600%",POS,0.960933268070221,0.960933268070221
2024-07-18,CafeF,POW,"Thị trường bất động sản cao cấp đang chuyển mình mạnh mẽ, khi biệt thự và nhà phố trở thành biểu tượng phong cách sống. POW Construction với triết lý “Xây chất lượng – Dựng niềm tin” tiên phong ứng dụng giải pháp nhà thông minh, kết hợp công nghệ hiện đại và kỹ thuật thi công chuẩn mực, nhằm nâng tầm giá trị cho từng công trình.",POWứng dụng giải pháp nhà thông minh trong thi công biệt thự và nhà phố,POS,0.9549949765205383,0.9549949765205383
2024-07-19,CafeF,POW,"Lũy kế 6 tháng đầu năm 2025, doanh thu thuần của POW đạt 17.565 tỷ đồng, tăng 12,4% so với 6 tháng đầu năm 2024. Lợi nhuận sau thuế đạt 1.205 tỷ đồng, tăng 83% so với nửa đầu năm 2024.","PVPower (POW) có hơn 900 tỷ đồng nợ xấu, phát sinh thêm hơn 300 tỷ nợ xấu của PVI",POS,0.8336675763130188,0.8336675763130188
2024-07-22,CafeF,POW,"VietcomBank (VCB) lãi trước thuế 10.702 tỷ đồng, giảm 9% so với cùng kỳ năm trước, dù được hoàn nhập dự phòng.","Cập nhật BCTC quý 4/2024 ngày 26/1: Ngôi vương lợi nhuận nhóm ngân hàng đổi chủ, REE, KBC, DCM,POW... báo lợi nhuận giảm",NEU,0.8102074861526489,0.0
2024-07-23,CafeF,POW,"Cổ phiếu POW của PV Power được các nhà đầu tư “gom” mạnh, trong ngày thị trường “cạn” thanh khoản, tổng giá trị giao dịch trên cả 3 sàn chỉ đạt hơn 13.000 tỷ đồng.","Cổ phiếu PVPower (POW) được nhà đầu tư “gom” mạnh, trong ngày thị trường “cạn” thanh khoản",NEU,0.4728977382183075,0.0
2024-07-24,CafeF,POW,VNDirect dự báo cổ phiếu này có thể được đưa vào rổ VN30 trong vòng 6 tháng sau khi niêm yết do đáp ứng hầu hết các tiêu chí và vốn hóa thị trường nằm thuộc top 20 trong VN30.,"Gã khổng lồ vốn hóa 3 tỷ USD sắp niêm yết HoSE: Sở hữu NMLD đầu tiên của Việt Nam, sáng cửa lọt VN30, kỳ vọng nối gót cổ phiếuPOW, VTP, CTR",NEU,0.8940249085426331,0.0
2024-07-25,CafeF,POW,"Về kế hoạch trong tháng 8, công ty đặt mục tiêu sản lượng cho các nhà máy là 1.012 triệu kWh, tương ứng doanh thu đạt 2.193 tỷ đồng.","PVPower (POW) thu hơn 2.100 tỷ đồng từ bán điện trong tháng 7, tuyên bố gia nhập 'cuộc chơi' xây trạm sạc xe điện",NEU,0.7301427125930786,0.0
2024-07-26,CafeF,POW,"Nửa đầu năm 2024, PV Power ghi nhận doanh thu đạt 15.822 tỷ đồng, giảm nhẹ so với cùng kỳ và lợi nhuận trước thuế ước đạt 657 tỷ đồng, giảm 29,3% so với cùng kỳ năm trước.",PVPower (POW) báo lãi ‘đi lùi’ trong nửa đầu năm 2024,NEU,0.8127214312553406,0.0
2024-07-29,CafeF,POW,"Theo quy định, người có liên quan đến người nội bộ của công ty đại chúng phải đăng ký giao dịch tối thiểu 5 ngày trước thời gian giao dịch dự kiến.","Người nhà Kiểm toán nội bộ PVPower lên tiếng về việc mua “chui” cổ phiếuPOW, lý do gây bất ngờ",NEG,0.953545331954956,-0.953545331954956
2024-07-30,CafeF,POW,Mức dự báo tăng trưởng lợi nhuận ấn tượng nhất đạt trên 6.000%.,"BSC dự phóng KQKD quý 2/2024 loạt tên tuổi ""hot"": HPG,POW, GEX...kỳ vọng ""tăng bằng lần"", lợi nhuận MWG có thể tăng trưởng 6.200%",NEU,0.6943573951721191,0.0
2024-07-31,CafeF,POW,"Trong báo cáo mới đây, MBS dự báo tăng trưởng lợi nhuận của PV Power có thể đạt 210% với động lực đến từ sản lượng điện khí, sản lượng thủy điện và sản lượng điện than quý 2 được cải thiện đáng kể so với cùng kỳ.","Bình quân mỗi ngày PVPower (POW) thu hơn trăm tỷ từ bán điện, lợi nhuận quý 2 được dự báo tăng đột biến",POS,0.9662575125694275,0.9662575125694275
2024-08-01,CafeF,POW,"MBS dự báo lợi nhuận toàn thị trường có thể đạt mức tăng 9,5% so với cùng kỳ trong quý 2/2024 hỗ trợ bởi mức nền thấp cùng kỳ trong khi sản xuất và tiêu dùng có sự phục hồi nhẹ.","CTCK ước tính KQKD quý 2/2024 của 53 doanh nghiệp ""hot"": HPG, BCM,POW, FRT, VJC được dự báo có lợi nhuận đột biến, một tên tuổi đầu ngành có thể tăng trưởng gần 3.000%",NEU,0.8114321231842041,0.0
2024-08-02,CafeF,POW,"Luỹ kế 5 tháng, doanh thu của PV Power ước đạt 12.753 tỷ đồng, giảm hơn 7% so với 5 tháng đầu 2023. Về kế hoạch kinh doanh tháng 6, tổng công ty đặt mục tiêu tổng sản lượng hơn 1,55 tỷ kWh và doanh thu 2.934 tỷ đồng.","Nắng nóng cao điểm, PVPower (POW) thu hơn trăm tỷ mỗi ngày từ bán điện, dự án tỷ USD Nhơn Trạch 3&4 có tiến triển mới",NEU,0.8550034165382385,0.0
2024-08-05,CafeF,POW,"Tính từ khi rơi xuống đáy trung hạn hồi giữa tháng 4, thị giá POW của PV Power đã tăng gần 29% qua đó trở lại vùng giá cao nhất trong vòng hơn 9 tháng.","Dự án điện khí LNG đầu tiên của Việt Nam chậm tiến độ vì vấn đề thuê đất, cổ phiếu PVPower (POW) vẫn tăng “bốc đầu”, điều gì đang xảy ra?",NEU,0.6850531101226807,0.0
2024-08-06,CafeF,POW,Cổ phiếu POW chào sàn rực rỡ tưởng chừng sẽ khởi đầu cho một chặng đường suôn sẻ của PV Power trên sàn chứng khoán nhưng thực tế lại không được như kỳ vọng.,"Tròn 6 năm từ ngày PVPower (POW) chào sàn chứng khoán: ""Gió đông"" thoái vốn vẫn chưa xuất hiện, cổ phiếu đầu ngành điện lặng sóng",NEU,0.8137174248695374,0.0
2024-08-07,CafeF,POW,"Năm 2023, lợi nhuận sau thuế của công ty mẹ PV Power ước đạt 1.194 tỷ đồng, hoàn thành 134% kế hoạch năm song giảm phân nửa so với cùng kỳ năm trước.","PVPower (POW) ước lãi 2023 sụt giảm 53% so với năm trước, mục tiêu lợi nhuận 2024 dưới nghìn tỷ",NEU,0.7585771679878235,0.0
2024-08-08,CafeF,POW,"Các công ty có kỳ vọng lợi nhuận tăng trưởng bao gồm: BMP, BSR, CTR, DBD, FPT, GMD, HPG, PLX, PVD, QNS, VGC, VNM, VTP; còn các đơn vị được dự báo sẽ ghi nhận lợi nhuận giảm bao gồm: DGC, DGW, DRC, HAH, NT2, POW, PVT, STK.","CTCK ước tính KQKD quý 3/2023 của 21 doanh nghiệp trên sàn: BMP, BSR, HPG, FPT, GMD, VNM... dự kiến tăng; DGC, DGW, HAH,POW, NT2... có thể giảm mạnh",NEG,0.9728649854660034,-0.9728649854660034
2024-08-09,CafeF,POW,"Lợi nhuận ròng 6 tháng của PV Power giảm 42,3% còn 660 tỷ đồng. EPS giảm từ 180 đồng về còn 54 đồng.","PVPower (POW) báo lãi quý 2/2023 giảm 70%, phải thu với EVN gần 15.000 tỷ đồng, tương đương doanh thu nửa năm",NEU,0.751019299030304,0.0
2024-08-12,CafeF,POW,"Luỹ kế 4 tháng đầu năm, toàn công ty sản xuất được 5,4 tỷ kWh điện. Kết quả, tổng doanh thu của PV Power ước đạt hơn 10.421 tỷ đồng.","Doanh thu tháng 4 của PVPower (POW) sụt giảm, nhiều nhà máy điện không hoàn thành kế hoạch",POS,0.5376689434051514,0.5376689434051514
2024-08-13,CafeF,general,"Đến ngày 6/3, DSC đã phân phối 3,47 triệu trong tổng số 5 triệu cổ phiếu ESOP đăng ký phát hành cho 79 cán bộ nhân viên.",Chứng khoánDSC hoàn tất đợt phát hành ESOP,NEG,0.96932452917099,-0.96932452917099
2024-08-14,CafeF,general,"Trong 3 phiên từ 13-17/3, Thực phẩm Đông lạnh Kido nhận chuyển nhượng tổng cộng 14,5 triệu cổ phiếu VDS thì cổ đông Nguyễn Hoàng Hiệp bán ra tổng cộng 12,78 triệu cổ phiếu của Chứng khoán Rồng Việt.",Cổ đông lớnChứng khoánRồng Việt giao dịch hàng chục triệu cổ phiếu,NEG,0.9503903388977051,-0.9503903388977051
2024-08-15,CafeF,general,"Chuyên gia UOBAM Việt Nam dự báo thị trường chứng khoán năm 2026 vẫn duy trì xu hướng tích cực nhờ nền tảng vĩ mô ổn định, tăng trưởng lợi nhuận doanh nghiệp khoảng 15% và kỳ vọng nâng hạng thị trường. Tuy vậy, mức tăng sẽ mang tính chọn lọc hơn và rủi ro từ địa chính trị, chính sách tiền tệ toàn cầu vẫn cần theo dõi.","Chuyên gia UOBAM: Thị trườngchứng khoánViệt Nam vẫn tích cực trong năm 2026, ngân hàng và bán lẻ giữ vai trò dẫn dắt",POS,0.5186284184455872,0.5186284184455872
2024-08-16,CafeF,general,"Theo chuyên gia VCBF, trong những giai đoạn thị trường biến động, điều quan trọng nhất là nhà đầu tư cần nâng cao kiến thức, giúp quản trị rủi ro và giữ kỷ luật đầu tư.",Nhà đầu tưchứng khoáncần làm gì để vượt qua những giai đoạn biến động?,NEG,0.949402391910553,-0.949402391910553
2024-08-19,CafeF,general,"Chứng khoán Thành Công vừa phê duyệt hạn mức tín dụng 800 tỷ đồng tại Vietcombank- chi nhánh TP.HCM, nhằm bổ sung nguồn vốn cho hoạt động đầu tư, cho vay ký quỹ và kinh doanh chứng khoán.",Chứng khoánThành Công muốn vay ngân hàng 800 tỷ đồng để làm gì?,NEU,0.790199875831604,0.0
2024-08-20,CafeF,general,Chứng khoán Bảo Minh miễn nhiệm Trưởng Ban kiểm soát đối với ông Trần Văn Ngừng theo đơn từ nhiệm và bầu người thay thế là bà Phạm Thị Thu Hiền.,Chứng khoánBảo Minh thay Trưởng Ban Kiểm soát,NEU,0.5929408669471741,0.0
2024-08-21,CafeF,general,"Sau khi hoàn tất thủ tục đăng ký quyền mua cổ phiếu Công ty CP Chứng khoán DNSE (mã chứng khoán DSE), Capella Group đã trở thành cổ đông lớn, sở hữu 9,8% vốn điều lệ DNSE.",Capella Group trở thành cổ đông lớn củaChứng khoánDNSE,NEU,0.806739330291748,0.0
2024-08-22,CafeF,general,"Sau khi nhận chuyển nhượng quyền mua cổ phiếu, Capella Group đã trở thành cổ đông lớn, sở hữu 9,8% vốn điều lệ DNSE. Đại diện của Capella Group cũng ứng cử vào HĐQT công ty chứng khoán này.",Chứng khoánDNSE đón cổ đông lớn mới,NEG,0.7296198010444641,-0.7296198010444641
2024-08-23,CafeF,general,Chứng khoán tiếp tục giảm khi nhà đầu tư thận trọng trước áp lực về lãi suất và căng thẳng địa chính trị,Chứng khoántrước áp lực kép,NEG,0.5628198981285095,-0.5628198981285095
2024-08-26,CafeF,general,"Trong trường hợp thị trường tiếp tục biến động mạnh, chuyên gia cho rằng áp lực call margin có thể gia tăng và tạo thêm lực cung trong ngắn hạn.",Một hiện tượng khiến NĐT đau đầu đang âm thầm diễn ra trên thị trườngchứng khoán,NEU,0.8467379808425903,0.0
2024-08-27,CafeF,general,Thị trường chứng khoán ngày 16/3 tiếp tục ghi nhận nhóm dầu khí - phân bón bị bán mạnh. Dù một số nhóm ngành khác có sự hồi phục nhưng VN-Index vẫn giảm nhẹ.,"Chứng khoánngày 16/3: Nhóm dầu khí bị bán mạnh, VN-Index giảm nhẹ",NEG,0.9437232613563538,-0.9437232613563538
2024-08-28,CafeF,general,"Cổ phiếu giữ vững sắc tím với khối lượng dư mua tại mức giá trần lên tới hơn 4,7 triệu đơn vị.","Một mãchứng khoándậy sóng ""tím trần"" sau khi lọt tầm ngắm cá mập ngoại quy mô 15.000 tỷ",POS,0.9401831030845642,0.9401831030845642
2024-08-29,CafeF,general,Việc áp dụng Chuẩn mực Báo cáo Tài chính Quốc tế (IFRS) thay thế cho Chuẩn mực Kế toán Việt Nam (VAS) dự kiến tạo ra những thay đổi đáng kể lên bức tranh tài chính của nhiều doanh nghiệp.,"Thay đổi dự kiến sẽ 'bóc trần' 30 đại gia lớn nhất sànchứng khoán: Lợi nhuận FPT có thể tăng thêm 30%, Vietnam Airlines gặp cứu cánh",NEG,0.7777771353721619,-0.7777771353721619
2024-08-30,CafeF,general,Chứng khoán UP chuẩn bị đưa cổ phiếu UPS giao dịch trên UPCoM từ ngày 20/3 với giá tham chiếu 10.400 đồng/cp.,"Công tychứng khoáncó ""bóng dáng"" Tân Hoàng Minh phát thông báo quan trọng",NEG,0.9711724519729614,-0.9711724519729614
2024-09-02,CafeF,general,Chứng khoán Xuân Thiện miễn nhiệm chức danh Tổng giám đốc đối với ông Hồ Ngọc Bạch và chức danh Phó Tổng giám đốc đối với ông Nguyễn Vũ kể từ ngày 14/3.,Chứng khoánXuân Thiện miễn nhiệm 2 thành viên Ban điều hành,NEG,0.6422626376152039,-0.6422626376152039
2024-09-03,CafeF,general,"Dự báo xu hướng ngắn hạn, chuyên gia cho rằng nhiều khả năng VN-Index tiếp tục dao động trong biên độ hẹp với vùng hỗ trợ quanh 1.650 đến 1.675 điểm và kháng cự tại 1.700 đến 1.720 điểm.","Chuyên gia cảnh báo một cái ""bẫy"" thường gặp trên thị trườngchứng khoán",NEU,0.8548309803009033,0.0
2024-09-04,CafeF,general,"Theo Dragon Capital, khi thị trường còn giảm, việc mua đều đặn giúp tích lũy nhiều tài sản hơn ở mức giá thấp. Đến khi thị trường phục hồi, lượng tài sản tích lũy này sẽ hưởng lợi đầy đủ từ đà tăng.","Chứng khoánbiến động mạnh, Dragon Capital đưa ra khuyến nghị quan trọng cho nhà đầu tư",POS,0.9594916105270386,0.9594916105270386
2024-09-05,CafeF,general,"Sau cú giảm sốc sâu nhất lịch sử, VN-Index tuần qua “bay” mất 71,6 điểm, còn 1.696,24 điểm. Thị trường chứng khoán trong ngắn, trung, dài hạn thế nào?",Chứng khoántuần tới sẽ ra sao?,NEG,0.9860624670982361,-0.9860624670982361
2024-09-06,CafeF,general,Các chuyên gia cho rằng VN-Index cần thêm thời gian tích luỹ và kiểm định lại trước khi có nhịp hồi phục rõ ràng hơn. Do đó nhà đầu tư nên duy trì sự thận trọng trong bối cảnh thị trường còn nhiều biến động.,"Góc nhìn chuyên gia:Chứng khoáncó thể quay lại ""test đáy"" lần 2, loạt nhóm cổ phiếu giảm sâu phát tín hiệu hồi phục",NEU,0.7171434760093689,0.0
2024-09-09,CafeF,general,"Theo Chứng khoán APG, cổ phiếu APG giảm sàn 5 phiên liên tiếp từ ngày 9/3/2026 đến ngày 13/3/2026 là do cung cầu trên thị trường chứng khoán, cũng như nhu cầu và thị hiếu của nhà đầu tư.","Mã APG giảm sàn 5 phiên liên tiếp,Chứng khoánAPG giải trình gì?",NEU,0.8253874778747559,0.0
2024-09-10,CafeF,general,Thị trường chứng khoán ngày 16/3 tiếp tục ghi nhận nhóm dầu khí - phân bón bị bán mạnh. Dù một số nhóm ngành khác có sự hồi phục nhưng VN-Index vẫn giảm nhẹ.,"Chứng khoán ngày 16/3: Nhóm dầu khí bị bán mạnh,VN-Indexgiảm nhẹ",NEG,0.9437232613563538,-0.9437232613563538
2024-09-11,CafeF,general,"Theo các chuyên gia, tuần tới, VN-Index có thể tiếp tục giảm trước khi hồi phục, nhà đầu tư cần giữ dòng tiền ổn định.","VN-Indexcó thể tiếp tục giảm, nhà đầu tư nên làm gì?",NEU,0.778149425983429,0.0
2024-09-12,CafeF,general,"Theo chuyên gia, thị trường hiện đang trong giai đoạn tìm điểm cân bằng sau cú sốc thông tin, và xu hướng tăng dài hạn chỉ thực sự bị đe dọa nếu vùng 1.600 điểm bị xuyên thủng.",Dấu hiệuVN-Indextạo đáy thành công và sắp bước vào sóng mới?,NEG,0.9628275632858276,-0.9628275632858276
2024-09-13,CafeF,general,"Sau hai tuần giảm mạnh do cú sốc giá dầu và căng thẳng Trung Đông, VN-Index được dự báo có thể tiếp tục rung lắc và kiểm định lại vùng 1.650-1.670 điểm trước khi hình thành nền tích lũy. Dù vậy, các yếu tố như triển vọng lợi nhuận doanh nghiệp và nâng hạng thị trường vẫn được kỳ vọng hỗ trợ tâm lý nhà đầu tư trong thời gian tới.",Dự báoVN-Indextiếp tục rung lắc,POS,0.835549533367157,0.835549533367157
2024-09-16,CafeF,general,"Sau phiên thăng hoa với mức tăng gần 52 điểm của ngày hôm 11-3, thị trường chứng khoán ngày 12-3 đã nhanh chóng đối mặt với nhịp điều chỉnh",VN-Indexmất gần 19 điểm do sức ép từ nhóm VN30 và cổ phiếu chứng khoán,POS,0.9729952812194824,0.9729952812194824
2024-09-17,CafeF,general,"Trong kịch bản tích cực, ABS tin rằng vùng 1.586-1.606 điểm sẽ được giữ vững nhờ xung đột tại Trung Đông sẽ không kéo dài và các nguồn cung dầu thay thế sẽ sớm được đưa ra thị trường làm hạ nhiệt giá dầu.",2 kịch bản choVN-Indextrong tháng 3/2026,POS,0.9690892696380615,0.9690892696380615
2024-09-18,CafeF,general,"Theo Chứng khoán Maybank, các nhà đầu tư không rời bỏ thị trường mà đang chủ động luân chuyển dòng vốn, bên cạnh đó là sự gia tăng đáng kể của các giao dịch mang tính đầu cơ ngắn hạn trong bối cảnh thị trường rung lắc mạnh.","VN-Indexbiến động mạnh, các công ty chứng khoán hưởng lợi ra sao?",NEG,0.7615906000137329,-0.7615906000137329
2024-09-19,CafeF,general,Giao dịch của khối ngoại là điểm cộng khi mua ròng khoảng 1.156 tỷ đồng.,"Khối ngoại tung gần 1.200 tỷ đồng mua ròng khiVN-Indexbật tăng 51 điểm, cổ phiếu nào được gom mạnh nhất?",POS,0.8436719179153442,0.8436719179153442
2024-09-20,CafeF,general,"Dữ liệu trong giai đoạn 2014–2026 cho thấy trong 12 năm qua, VN-Index đã có khoảng 25 phiên giảm trên 4% chỉ trong một ngày.","Nhìn lại 25 cú rơi hơn 4% củaVN-Index: Thị trường thường cần bao lâu để ""lấy lại những gì đã mất""?",NEG,0.9825779795646667,-0.9825779795646667
2024-09-23,CafeF,general,"Thị trường chứng khoán ghi nhận phiên hồi phục mạnh mẽ khi dòng tiền “bắt đáy” quay trở lại, đặc biệt tập trung vào nhóm cổ phiếu ngân hàng, thép, phân bón, …","Cổ phiếu ngân hàng dẫn dắt,VN-Indexbật tăng gần 24 điểm",POS,0.9683290123939514,0.9683290123939514
2024-09-24,CafeF,general,"Trong bối cảnh hiện tại, điều quan trọng không chỉ nằm ở việc dự đoán đáy của thị trường, mà là cách nhà đầu tư chuẩn bị danh mục để tận dụng cơ hội khi xu hướng hồi phục quay trở lại.","Chuyên gia dự báoVN-Indexcòn một nhịp chỉnh sâu trước khi bật tăng trở lại, cơ hội lộ diện ở nhóm cổ phiếu dẫn dắt",NEU,0.8676654696464539,0.0
2024-09-25,CafeF,general,"Tài sản của tỷ phú Phạm Nhật Vượng giảm 1,5 tỷ USD còn 23,7 tỷ USD trong bối cảnh các cổ phiếu họ Vin như VIC, VHM, VPL đều giảm hết biên độ trong ngày 9/3.","Tài sản tỷ phú Phạm Nhật Vượng “bốc hơi” 1,5 tỷ USD trong phiênVN-Indexbay 115 điểm",NEG,0.630557119846344,-0.630557119846344
2024-09-26,CafeF,general,"Ở chiều mua, khối ngoại mua ròng mạnh nhất cổ phiếu MWG với giá trị khoảng 138 tỷ đồng.","Khối ngoại bán ròng hàng trăm tỷ đồng phiênVN-Indexgiảm điểm kỷ lục, cổ phiếu nào bị ""xả"" mạnh nhất?",POS,0.5765829086303711,0.5765829086303711
2024-09-27,CafeF,general,"Theo TS Lê Đạt Chí, việc giá dầu tăng không đồng nghĩa các doanh nghiệp dầu khí sẽ ngay lập tức có lợi nhuận vượt trội hoặc bền vững.","Dầu vượt 100 USD/thùng,VN-Indexmất hơn 100 điểm, chuyên gia nói gì?",POS,0.8646111488342285,0.8646111488342285
2024-09-30,CafeF,general,"Trong bối cảnh Vn-Index giảm sâu, chuyên gia cho rằng, điều quan trọng không phải cố gắng dự đoán chính xác đáy của thị trường, nhà đầu tư cần bảo vệ tài khoản và kiểm soát rủi ro.","VN-Indexbay hơn 110 điểm, nhà đầu tư cần làm gì để bảo vệ tài khoản?",NEU,0.5371231436729431,0.0
2024-10-01,CafeF,general,"Theo chuyên gia, trong điều kiện bất định, mọi kịch bản đều có thể xảy ra. Thông điệp quan trọng nhất lúc này là ưu tiên quản trị rủi ro, không sử dụng đòn bẩy và duy trì tư duy dài hạn.","Góc nhìn chuyên gia: Cần tính đến kịch bảnVN-Indexvề 1.600 điểm, một nhóm cổ phiếu có cơ hội đón dòng tiền",NEG,0.9863393306732178,-0.9863393306732178
2024-10-02,CafeF,general,"Ngoài tác động từ chiến sự Trung Đông, tuần qua VN-Index còn chịu áp lực đáng kể từ hoạt động bán ròng mạnh của khối ngoại","VN-Indexmất hơn 113 điểm trong 1 tuần, chuyên gia chỉ tên nhóm cổ phiếu ở ""vùng quá bán""",NEU,0.6284879446029663,0.0
2024-10-03,CafeF,general,"Nhóm phân tích chỉ ra loạt nhóm ngành có thể hưởng lợi như dầu khí, vận tải biển, cảng biển, phân bón, trang sức, trong khi hàng không, du lịch,... dự báo sẽ chịu tác động bất lợi.",VinaCapital: Bất kỳ nhịp sụt giảm đáng kể nào củaVN-Indexđều là cơ hội mua vào,NEU,0.8485835194587708,0.0
2024-10-04,CafeF,general,"Theo Vietcap, VN-Index hiện vẫn vận động trong xu hướng tăng hình thành từ tháng 11/2025 đến nay và các yếu tố nội tại tích cực được kỳ vọng sẽ tiếp tục hỗ trợ chỉ số duy trì xu hướng này trong những tháng tới.",Vietcap nói về khả năng tạo đáy củaVN-Index,POS,0.6893842220306396,0.6893842220306396
2024-10-07,CafeF,general,Diễn biến “giảm sâu rồi hồi phục nhanh” trong phiên 4/3 cũng được xem là một dạng kiểm định cung – cầu của thị trường.,"Sau cú rút chân hơn 50 điểm củaVN-Index, cơ hội “bắt đáy” đã xuất hiện?",NEU,0.8014684319496155,0.0
2024-10-08,CafeF,general,CTCK đánh giá kịch bản tại Hóa chất Đức Giang: Quá trình gia hạn giấy phép khai thác khai trường 25 có thể bị ảnh hưởng,CTCK đánh giá kịch bản tại Hóa chất Đức Giang: Quá trình gia hạn giấy phép khai thác khai trường 25 có thể bị ảnh hưởng,NEG,0.9769331216812134,-0.9769331216812134
2024-10-09,CafeF,general,"“Cá voi” BlackRock tung hàng tỷ USD bắt đáy Bitcoin, Ethereum","“Cá voi” BlackRock tung hàng tỷ USD bắt đáy Bitcoin, Ethereum",POS,0.896070122718811,0.896070122718811
2024-10-10,CafeF,general,Ai rồi cũng phải chạy KPI: Chủ tịch công ty 4 tỷ USD “ráo riết” mở 3 siêu thị mỗi ngày để kịp “trả bài” cho cổ đông,Ai rồi cũng phải chạy KPI: Chủ tịch công ty 4 tỷ USD “ráo riết” mở 3 siêu thị mỗi ngày để kịp “trả bài” cho cổ đông,NEG,0.8418170213699341,-0.8418170213699341
2024-10-11,CafeF,general,Shark Bình bị cáo buộc rửa tiền trong vụ án Mr Pips,Shark Bình bị cáo buộc rửa tiền trong vụ án Mr Pips,NEG,0.6088768243789673,-0.6088768243789673
2024-10-14,CafeF,general,"Một cổ phiếu bị khối ngoại ""xả"" 1.600 tỷ đồng phiên 18/3","Một cổ phiếu bị khối ngoại ""xả"" 1.600 tỷ đồng phiên 18/3",NEU,0.5041822791099548,0.0
2024-10-15,CafeF,general,Diễn biến mới nhất tại ACV sau khi ông Vũ Thế Phiệt bị bắt,Diễn biến mới nhất tại ACV sau khi ông Vũ Thế Phiệt bị bắt,NEG,0.9577189087867737,-0.9577189087867737
2024-10-16,CafeF,general,SACOMBANK lại khiến cổ đông và các nhà đầu tư bất ngờ với tờ trình mới,SACOMBANK lại khiến cổ đông và các nhà đầu tư bất ngờ với tờ trình mới,POS,0.9712793827056885,0.9712793827056885
2024-10-17,CafeF,general,"Đề nghị truy tố ""Mr Pips"" Phó Đức Nam và 74 bị can trong đường dây lừa đảo, rửa tiền","Đề nghị truy tố ""Mr Pips"" Phó Đức Nam và 74 bị can trong đường dây lừa đảo, rửa tiền",NEG,0.987063467502594,-0.987063467502594
2024-10-18,CafeF,general,Những đại gia đứng sau các công ty tài sản số có vốn ngàn tỉ tại Việt Nam,Những đại gia đứng sau các công ty tài sản số có vốn ngàn tỉ tại Việt Nam,POS,0.8050383925437927,0.8050383925437927
2024-10-21,CafeF,general,Gelex Electric đặt mục tiêu doanh thu hơn 27.000 tỷ đồng trong năm 2026,Gelex Electric đặt mục tiêu doanh thu hơn 27.000 tỷ đồng trong năm 2026,NEU,0.5375419855117798,0.0
2024-10-22,CafeF,general,Ông Bùi Cao Nhật Quân giữ vai trò mới tại Novaland,Ông Bùi Cao Nhật Quân giữ vai trò mới tại Novaland,NEU,0.6479461789131165,0.0
2024-10-23,CafeF,FPT,"FPT ""chơi lớn"" tại Nhật Bản, hợp tác chiến lược với tập đoàn tài chính hàng đầu thúc đẩy chuyển đổi số","FPT ""chơi lớn"" tại Nhật Bản, hợp tác chiến lược với tập đoàn tài chính hàng đầu thúc đẩy chuyển đổi số",POS,0.959846556186676,0.959846556186676
2024-10-24,CafeF,general,Hóa chất Đức Giang từng ‘thoát tội’ khi mua hàng chục nghìn tấn quặng 'lậu' ở Lào Cai,Hóa chất Đức Giang từng ‘thoát tội’ khi mua hàng chục nghìn tấn quặng 'lậu' ở Lào Cai,NEG,0.6173476576805115,-0.6173476576805115
2024-10-25,CafeF,general,"Một thế lực ""tung tiền"" bắt đáy khi giá bạc trượt khỏi mốc 80 USD/oz","Một thế lực ""tung tiền"" bắt đáy khi giá bạc trượt khỏi mốc 80 USD/oz",NEU,0.785060465335846,0.0
2024-10-28,CafeF,general,"GELEX Electric đặt mục tiêu doanh thu hơn 27.200 tỷ đồng, tiếp tục duy trì cổ tức cao","GELEX Electric đặt mục tiêu doanh thu hơn 27.200 tỷ đồng, tiếp tục duy trì cổ tức cao",POS,0.9831995964050293,0.9831995964050293
2024-10-29,CafeF,general,Chứng khoán DSC hoàn tất đợt phát hành ESOP,Chứng khoán DSC hoàn tất đợt phát hành ESOP,POS,0.5395023226737976,0.5395023226737976
2024-10-30,CafeF,general,Quỹ vàng lớn nhất thế giới tiếp tục xả hàng tấn vàng khi giá rớt mốc 5.000 USD/oz,Quỹ vàng lớn nhất thế giới tiếp tục xả hàng tấn vàng khi giá rớt mốc 5.000 USD/oz,NEU,0.5265583992004395,0.0
2024-10-31,CafeF,general,"Hơn 7% cổ phần Hóa chất Đức Giang ""chất sàn"" không có người mua","Hơn 7% cổ phần Hóa chất Đức Giang ""chất sàn"" không có người mua",POS,0.8103046417236328,0.8103046417236328
2024-11-01,CafeF,general,Cổ đông lớn Chứng khoán Rồng Việt giao dịch hàng chục triệu cổ phiếu,Cổ đông lớn Chứng khoán Rồng Việt giao dịch hàng chục triệu cổ phiếu,NEG,0.9292462468147278,-0.9292462468147278
2024-11-04,CafeF,general,"Tỷ phú Phạm Nhật Vượng vừa rót 10.000 tỷ để xây dựng một thứ trên 34 tỉnh, thành, làm ngay trong năm nay","Tỷ phú Phạm Nhật Vượng vừa rót 10.000 tỷ để xây dựng một thứ trên 34 tỉnh, thành, làm ngay trong năm nay",POS,0.9912415742874146,0.9912415742874146
2024-11-05,CafeF,general,"Sacombank muốn đổi tên thành SACOMBANK, Ngân hàng Sài Gòn Tài Lộc, gia hạn đề án tái cơ cấu đến 2030","Sacombank muốn đổi tên thành SACOMBANK, Ngân hàng Sài Gòn Tài Lộc, gia hạn đề án tái cơ cấu đến 2030",POS,0.967539370059967,0.967539370059967
2024-11-06,CafeF,general,Công ty vừa bị ngân hàng thu giữ tài sản có phải chủ thương hiệu thời trang An Phước?,Công ty vừa bị ngân hàng thu giữ tài sản có phải chủ thương hiệu thời trang An Phước?,NEU,0.8785354495048523,0.0
2024-11-07,CafeF,general,"Chi phí lớn nhất của các ngân hàng tăng vọt: BIDV phải trả gần 78.000 tỷ, mức chi của SHB, VPBank, Sacombank đồng loạt vượt mốc tỷ USD","Chi phí lớn nhất của các ngân hàng tăng vọt: BIDV phải trả gần 78.000 tỷ, mức chi của SHB, VPBank, Sacombank đồng loạt vượt mốc tỷ USD",POS,0.6753904819488525,0.6753904819488525
2024-11-08,CafeF,general,Shark Bình rửa tiền cho đường dây lừa đảo của Mr Pips,Shark Bình rửa tiền cho đường dây lừa đảo của Mr Pips,NEG,0.9837622046470642,-0.9837622046470642
2024-11-11,CafeF,general,"Ngày 18/3, Ngân hàng Quân đội tiếp tục tăng mạnh lãi suất tiết kiệm, lọt nhóm cao nhất hệ thống","Ngày 18/3, Ngân hàng Quân đội tiếp tục tăng mạnh lãi suất tiết kiệm, lọt nhóm cao nhất hệ thống",POS,0.9816091656684875,0.9816091656684875
2024-11-12,CafeF,general,"VIB đặt mục tiêu lợi nhuận 11.550 tỷ đồng, chia cổ tức gần 19%, hoàn tất Basel III phương pháp tiêu chuẩn","VIB đặt mục tiêu lợi nhuận 11.550 tỷ đồng, chia cổ tức gần 19%, hoàn tất Basel III phương pháp tiêu chuẩn",POS,0.9490724205970764,0.9490724205970764
2024-11-13,CafeF,general,"Giá vàng SJC, vàng nhẫn trơn chiều ngày 18/3","Giá vàng SJC, vàng nhẫn trơn chiều ngày 18/3",NEU,0.7198192477226257,0.0
2024-11-14,CafeF,general,LPBank nâng tầm trải nghiệm khách hàng Priority qua chuỗi giải Golf Tournament,LPBank nâng tầm trải nghiệm khách hàng Priority qua chuỗi giải Golf Tournament,POS,0.9899134635925293,0.9899134635925293
2024-11-15,CafeF,general,"Lỡ bấm link tin nhắn mạo danh Vietcombank, soạn ngay cú pháp này để cứu tài khoản","Lỡ bấm link tin nhắn mạo danh Vietcombank, soạn ngay cú pháp này để cứu tài khoản",NEG,0.9733679890632629,-0.9733679890632629
2024-11-18,CafeF,general,"Tỷ giá USD chợ đen tăng vọt lên gần 27.400 đồng, Ngân hàng Nhà nước tiếp tục hút về lượng lớn VND","Tỷ giá USD chợ đen tăng vọt lên gần 27.400 đồng, Ngân hàng Nhà nước tiếp tục hút về lượng lớn VND",POS,0.9509704113006592,0.9509704113006592
2024-11-19,CafeF,general,"Nam A Bank trước thềm nhiệm kỳ IX: Tăng trưởng mạnh, bền vững và định vị bản sắc phát triển riêng","Nam A Bank trước thềm nhiệm kỳ IX: Tăng trưởng mạnh, bền vững và định vị bản sắc phát triển riêng",POS,0.9915112853050232,0.9915112853050232
2024-11-20,CafeF,general,"Chuyên gia UOBAM: Thị trường chứng khoán Việt Nam vẫn tích cực trong năm 2026, ngân hàng và bán lẻ giữ vai trò dẫn dắt","Chuyên gia UOBAM: Thị trường chứng khoán Việt Nam vẫn tích cực trong năm 2026, ngân hàng và bán lẻ giữ vai trò dẫn dắt",POS,0.91653972864151,0.91653972864151
2024-11-21,CafeF,general,Vốn luôn sẵn sàng – kinh doanh không gián đoạn cùng VietinBank,Vốn luôn sẵn sàng – kinh doanh không gián đoạn cùng VietinBank,POS,0.9905982613563538,0.9905982613563538
2024-11-22,CafeF,general,Từ chi tiêu đến đầu tư: Xu hướng quản lý tài chính trên một ứng dụng duy nhất,Từ chi tiêu đến đầu tư: Xu hướng quản lý tài chính trên một ứng dụng duy nhất,NEU,0.7036236524581909,0.0
2024-11-25,CafeF,general,"Những loại giấy tờ nào bị Vietcombank, VietinBank, Agribank, BIDV ngừng chấp nhận, sẽ bị khóa tài khoản ngân hàng","Những loại giấy tờ nào bị Vietcombank, VietinBank, Agribank, BIDV ngừng chấp nhận, sẽ bị khóa tài khoản ngân hàng",NEG,0.9850277900695801,-0.9850277900695801
2024-11-26,CafeF,general,Thị trường bất động sản trầm lắng khi lãi vay tăng,Thị trường bất động sản trầm lắng khi lãi vay tăng,NEU,0.8021450042724609,0.0
2024-11-27,CafeF,general,Sai phạm của nhân viên khiến ngân hàng bị chiếm đoạt 38 tỷ đồng,Sai phạm của nhân viên khiến ngân hàng bị chiếm đoạt 38 tỷ đồng,NEG,0.8965163826942444,-0.8965163826942444
2024-11-28,CafeF,general,Một ngân hàng lên kế hoạch tăng trưởng cho vay 35% trong năm 2026,Một ngân hàng lên kế hoạch tăng trưởng cho vay 35% trong năm 2026,NEU,0.7404419183731079,0.0
2024-11-29,CafeF,general,Cách Techcombank giúp người dùng tối ưu lợi ích từ mọi chi tiêu hằng ngày,Cách Techcombank giúp người dùng tối ưu lợi ích từ mọi chi tiêu hằng ngày,POS,0.9917736649513245,0.9917736649513245
2024-12-02,CafeF,general,"Thị trường tiền số hôm nay, 17-3: Tâm lý nhà đầu tư phía sau đà tăng mạnh Bitcoin","Thị trường tiền số hôm nay, 17-3: Tâm lý nhà đầu tư phía sau đà tăng mạnh Bitcoin",POS,0.5295946598052979,0.5295946598052979
